-- MySQL dump 10.13  Distrib 8.0.42, for Linux (x86_64)
--
-- Host: localhost    Database: flexpath_final
-- ------------------------------------------------------
-- Server version	8.0.42-0ubuntu0.24.04.1

/*!40101 SET @OLD_CHARACTER_SET_CLIENT=@@CHARACTER_SET_CLIENT */;
/*!40101 SET @OLD_CHARACTER_SET_RESULTS=@@CHARACTER_SET_RESULTS */;
/*!40101 SET @OLD_COLLATION_CONNECTION=@@COLLATION_CONNECTION */;
/*!50503 SET NAMES utf8mb4 */;
/*!40103 SET @OLD_TIME_ZONE=@@TIME_ZONE */;
/*!40103 SET TIME_ZONE='+00:00' */;
/*!40014 SET @OLD_UNIQUE_CHECKS=@@UNIQUE_CHECKS, UNIQUE_CHECKS=0 */;
/*!40014 SET @OLD_FOREIGN_KEY_CHECKS=@@FOREIGN_KEY_CHECKS, FOREIGN_KEY_CHECKS=0 */;
/*!40101 SET @OLD_SQL_MODE=@@SQL_MODE, SQL_MODE='NO_AUTO_VALUE_ON_ZERO' */;
/*!40111 SET @OLD_SQL_NOTES=@@SQL_NOTES, SQL_NOTES=0 */;

--
-- Table structure for table `books`
--

DROP TABLE IF EXISTS `books`;
/*!40101 SET @saved_cs_client     = @@character_set_client */;
/*!50503 SET character_set_client = utf8mb4 */;
CREATE TABLE `books` (
  `id` int NOT NULL AUTO_INCREMENT,
  `name` varchar(100) DEFAULT NULL,
  PRIMARY KEY (`id`)
) ENGINE=InnoDB AUTO_INCREMENT=22 DEFAULT CHARSET=utf8mb4 COLLATE=utf8mb4_0900_ai_ci;
/*!40101 SET character_set_client = @saved_cs_client */;

--
-- Dumping data for table `books`
--

LOCK TABLES `books` WRITE;
/*!40000 ALTER TABLE `books` DISABLE KEYS */;
INSERT INTO `books` VALUES (1,'Denson Book'),(2,'1805 Christian Harmony'),(3,'American Vocalist'),(4,'Christian Harmony'),(5,'Christian Harmony 1873/2015'),(6,'Christian Harmony 2010'),(7,'Colored Denson Book'),(8,'Colored Sacred Harp'),(9,'Cooper Book'),(10,'Dayton Harmonist'),(11,'Denson Book 2025'),(12,'Georgian Harmony'),(13,'Harmonia Sacra'),(14,'J.L. White Book'),(15,'Missouri Harmony'),(16,'New Harp of Columbia'),(17,'Norumbega Harmony'),(18,'Shenandoah Harmony'),(19,'Social Harp'),(20,'Southern Harmony'),(21,'Valley Pocket Harmonist');
/*!40000 ALTER TABLE `books` ENABLE KEYS */;
UNLOCK TABLES;

--
-- Table structure for table `roles`
--

DROP TABLE IF EXISTS `roles`;
/*!40101 SET @saved_cs_client     = @@character_set_client */;
/*!50503 SET character_set_client = utf8mb4 */;
CREATE TABLE `roles` (
  `uuid` char(36) NOT NULL,
  `username` varchar(255) NOT NULL,
  `role` varchar(250) NOT NULL,
  PRIMARY KEY (`uuid`,`role`),
  CONSTRAINT `roles_ibfk_1` FOREIGN KEY (`uuid`) REFERENCES `users` (`uuid`) ON DELETE CASCADE
) ENGINE=InnoDB DEFAULT CHARSET=utf8mb4 COLLATE=utf8mb4_0900_ai_ci;
/*!40101 SET character_set_client = @saved_cs_client */;

--
-- Dumping data for table `roles`
--

LOCK TABLES `roles` WRITE;
/*!40000 ALTER TABLE `roles` DISABLE KEYS */;
INSERT INTO `roles` VALUES ('10b2fd3b-0d98-4b38-9d1f-d4f7701913e7','admin','ADMIN'),('72e9a58c-49d3-4198-841d-57be5553ee8e','user','USER');
/*!40000 ALTER TABLE `roles` ENABLE KEYS */;
UNLOCK TABLES;

--
-- Table structure for table `searches`
--

DROP TABLE IF EXISTS `searches`;
/*!40101 SET @saved_cs_client     = @@character_set_client */;
/*!50503 SET character_set_client = utf8mb4 */;
CREATE TABLE `searches` (
  `id` int NOT NULL AUTO_INCREMENT,
  `search_start` date DEFAULT NULL,
  `search_end` date DEFAULT NULL,
  `radius` float DEFAULT NULL,
  `search_location` point NOT NULL,
  PRIMARY KEY (`id`),
  SPATIAL KEY `search_location` (`search_location`)
) ENGINE=InnoDB AUTO_INCREMENT=124 DEFAULT CHARSET=utf8mb4 COLLATE=utf8mb4_0900_ai_ci;
/*!40101 SET character_set_client = @saved_cs_client */;

--
-- Dumping data for table `searches`
--

LOCK TABLES `searches` WRITE;
/*!40000 ALTER TABLE `searches` DISABLE KEYS */;
INSERT INTO `searches` VALUES (1,'2025-05-01','2026-06-01',50000,_binary '\0\0\0\0\0\0\0“™#˘\\A@Q?≈úÉ¢U¿'),(2,'2025-04-30','2025-06-30',1609340,_binary '\0\0\0\0\0\0\0&°RüJ\ÙR¿]},\›\'D@'),(3,'2025-04-30','2025-06-30',160934,_binary '\0\0\0\0\0\0\0&°RüJ\ÙR¿]},\›\'D@'),(4,'2025-05-17','2026-01-23',965606,_binary '\0\0\0\0\0\0\0ï3≤M˚C@sV}&\ŒR¿'),(5,'2025-05-17','2026-01-23',965606,_binary '\0\0\0\0\0\0\0ï3≤M˚C@sV}&\ŒR¿'),(6,'2025-05-17','2026-01-23',2574950,_binary '\0\0\0\0\0\0\0ï3≤M˚C@sV}&\ŒR¿'),(7,'2025-05-17','2026-01-23',965606,_binary '\0\0\0\0\0\0\0sV}&\ŒR¿ï3≤M˚C@'),(8,'2025-05-17','2026-03-20',965606,_binary '\0\0\0\0\0\0\0ΩL}%\ŒR¿o.î°ª˚C@'),(9,'2025-05-17','2026-03-20',965606,_binary '\0\0\0\0\0\0\0ΩL}%\ŒR¿o.î°ª˚C@'),(10,'2025-05-17','2026-03-20',965606,_binary '\0\0\0\0\0\0\0\’e}n˘\ÕR¿\„Ω\¬\ÍB˚C@'),(11,'2025-05-17','2026-03-20',965606,_binary '\0\0\0\0\0\0\0\’e}n˘\ÕR¿\„Ω\¬\ÍB˚C@'),(12,'2025-05-17','2026-04-17',965606,_binary '\0\0\0\0\0\0\0\«QrZ;\ÚC@A$\ı8¶\˜W¿'),(13,'2025-05-17','2026-04-17',965606,_binary '\0\0\0\0\0\0\0A$\ı8¶\˜W¿\«QrZ;\ÚC@'),(14,'2025-05-17','2026-05-01',160934,_binary '\0\0\0\0\0\0\0A$\ı8¶\˜W¿\«QrZ;\ÚC@'),(15,'2025-04-30','2025-06-30',160934,_binary '\0\0\0\0\0\0\0]},\›\'D@&°RüJ\ÙR¿'),(16,'2025-04-30','2025-06-30',1609340,_binary '\0\0\0\0\0\0\0]},\›\'D@&°RüJ\ÙR¿'),(17,'2025-04-30','2025-06-30',16093400,_binary '\0\0\0\0\0\0\0]},\›\'D@&°RüJ\ÙR¿'),(18,'2025-04-30','2025-06-30',16093400,_binary '\0\0\0\0\0\0\0&°RüJ\ÙR¿]},\›\'D@'),(19,'2025-04-30','2025-06-30',16093400,_binary '\0\0\0\0\0\0\0]},\›\'D@&°RüJ\ÙR¿'),(20,'2025-04-30','2025-06-30',16093400,_binary '\0\0\0\0\0\0\0]},\›\'D@&°RüJ\ÙR¿'),(21,'2025-05-20','2026-01-24',804672,_binary '\0\0\0\0\0\0\0A$\ı8¶\˜W¿\«QrZ;\ÚC@'),(22,'2025-05-20','2026-01-24',804672,_binary '\0\0\0\0\0\0\0A$\ı8¶\˜W¿\«QrZ;\ÚC@'),(23,'2025-05-20','2026-01-24',804672,_binary '\0\0\0\0\0\0\0A$\ı8¶\˜W¿\«QrZ;\ÚC@'),(24,'2025-05-20','2026-01-24',804672,_binary '\0\0\0\0\0\0\0A$\ı8¶\˜W¿\«QrZ;\ÚC@'),(25,'2025-05-20','2026-01-24',804672,_binary '\0\0\0\0\0\0\0A$\ı8¶\˜W¿\«QrZ;\ÚC@'),(26,'2025-05-21','2026-03-28',965606,_binary '\0\0\0\0\0\0\0A$\ı8¶\˜W¿\«QrZ;\ÚC@'),(27,'2025-05-21','2026-03-28',965606,_binary '\0\0\0\0\0\0\0A$\ı8¶\˜W¿\«QrZ;\ÚC@'),(28,'2025-05-21','2026-03-28',965606,_binary '\0\0\0\0\0\0\0A$\ı8¶\˜W¿\«QrZ;\ÚC@'),(29,'2025-05-21','2026-03-28',965606,_binary '\0\0\0\0\0\0\0A$\ı8¶\˜W¿\«QrZ;\ÚC@'),(30,'2025-05-21','2026-03-28',965606,_binary '\0\0\0\0\0\0\0A$\ı8¶\˜W¿\«QrZ;\ÚC@'),(31,'2025-05-21','2026-03-28',965606,_binary '\0\0\0\0\0\0\0A$\ı8¶\˜W¿\«QrZ;\ÚC@'),(32,'2025-05-21','2026-03-28',965606,_binary '\0\0\0\0\0\0\0A$\ı8¶\˜W¿\«QrZ;\ÚC@'),(33,'2025-05-21','2026-03-28',965606,_binary '\0\0\0\0\0\0\0A$\ı8¶\˜W¿\«QrZ;\ÚC@'),(34,'2025-05-21','2026-03-28',965606,_binary '\0\0\0\0\0\0\0A$\ı8¶\˜W¿\«QrZ;\ÚC@'),(35,'2025-05-21','1969-12-31',965606,_binary '\0\0\0\0\0\0\0A$\ı8¶\˜W¿\«QrZ;\ÚC@'),(36,'2026-03-28','1969-12-31',965606,_binary '\0\0\0\0\0\0\0A$\ı8¶\˜W¿\«QrZ;\ÚC@'),(37,'2025-05-21','2025-12-27',965606,_binary '\0\0\0\0\0\0\0A$\ı8¶\˜W¿\«QrZ;\ÚC@'),(38,'2025-05-21','2026-02-21',965606,_binary '\0\0\0\0\0\0\0A$\ı8¶\˜W¿\«QrZ;\ÚC@'),(39,'2025-05-21','2026-02-21',965606,_binary '\0\0\0\0\0\0\0A$\ı8¶\˜W¿\«QrZ;\ÚC@'),(40,'2025-05-21','2026-02-28',965606,_binary '\0\0\0\0\0\0\0A$\ı8¶\˜W¿\«QrZ;\ÚC@'),(41,'2025-05-21','2026-03-27',965606,_binary '\0\0\0\0\0\0\0A$\ı8¶\˜W¿\«QrZ;\ÚC@'),(42,'2025-05-22','2026-02-27',965606,_binary '\0\0\0\0\0\0\0A$\ı8¶\˜W¿\«QrZ;\ÚC@'),(43,'2025-05-22','2026-01-23',965606,_binary '\0\0\0\0\0\0\0A$\ı8¶\˜W¿\«QrZ;\ÚC@'),(44,'2025-05-22','2025-10-24',965606,_binary '\0\0\0\0\0\0\0A$\ı8¶\˜W¿\«QrZ;\ÚC@'),(45,'2025-05-26','2026-01-02',965606,_binary '\0\0\0\0\0\0\0A$\ı8¶\˜W¿\«QrZ;\ÚC@'),(46,'2025-05-26','2025-11-28',965606,_binary '\0\0\0\0\0\0\0A$\ı8¶\˜W¿\«QrZ;\ÚC@'),(47,'2025-05-26','2026-01-02',965606,_binary '\0\0\0\0\0\0\0A$\ı8¶\˜W¿\«QrZ;\ÚC@'),(48,'2025-05-26','2025-10-03',965606,_binary '\0\0\0\0\0\0\0A$\ı8¶\˜W¿\«QrZ;\ÚC@'),(49,'2025-05-26','2025-10-03',965606,_binary '\0\0\0\0\0\0\0A$\ı8¶\˜W¿\«QrZ;\ÚC@'),(50,'2025-05-26','2025-10-03',965606,_binary '\0\0\0\0\0\0\0A$\ı8¶\˜W¿\«QrZ;\ÚC@'),(51,'2025-05-26','2026-03-27',965606,_binary '\0\0\0\0\0\0\0A$\ı8¶\˜W¿\«QrZ;\ÚC@'),(52,'2025-05-26','2026-01-30',965606,_binary '\0\0\0\0\0\0\0A$\ı8¶\˜W¿\«QrZ;\ÚC@'),(53,'2025-05-26','2026-07-03',965606,_binary '\0\0\0\0\0\0\0A$\ı8¶\˜W¿\«QrZ;\ÚC@'),(54,'2025-05-26','2025-10-31',965606,_binary '\0\0\0\0\0\0\0A$\ı8¶\˜W¿\«QrZ;\ÚC@'),(55,'2025-05-26','2026-01-02',965606,_binary '\0\0\0\0\0\0\0A$\ı8¶\˜W¿\«QrZ;\ÚC@'),(56,'2025-05-26','2026-01-02',1609.34,_binary '\0\0\0\0\0\0\0A$\ı8¶\˜W¿\«QrZ;\ÚC@'),(57,'2025-05-26','2025-10-31',965606,_binary '\0\0\0\0\0\0\0A$\ı8¶\˜W¿\«QrZ;\ÚC@'),(58,'2025-04-30','2025-06-30',16093400,_binary '\0\0\0\0\0\0\0]},\›\'D@&°RüJ\ÙR¿'),(59,'2025-04-30','2025-06-30',16093400,_binary '\0\0\0\0\0\0\0&°RüJ\ÙR¿]},\›\'D@'),(60,'2025-04-30','2025-06-30',16093400,_binary '\0\0\0\0\0\0\0&°RüJ\ÙR¿]},\›\'D@'),(61,'2025-04-30','2025-06-30',16093400,_binary '\0\0\0\0\0\0\0]},\›\'D@&°RüJ\ÙR¿'),(62,'2025-04-30','2025-06-30',16093400,_binary '\0\0\0\0\0\0\0]},\›\'D@&°RüJ\ÙR¿'),(63,'2025-04-30','2025-06-30',16093400,_binary '\0\0\0\0\0\0\0]},\›\'D@&°RüJ\ÙR¿'),(64,'2025-04-30','2025-06-30',16093400,_binary '\0\0\0\0\0\0\0]},\›\'D@&°RüJ\ÙR¿'),(65,'2025-04-30','2025-06-30',16093400,_binary '\0\0\0\0\0\0\0]},\›\'D@&°RüJ\ÙR¿'),(66,'2025-04-30','2025-06-30',16093400,_binary '\0\0\0\0\0\0\0]},\›\'D@&°RüJ\ÙR¿'),(67,'2025-04-30','2025-06-30',16093400,_binary '\0\0\0\0\0\0\0]},\›\'D@&°RüJ\ÙR¿'),(68,'2025-04-30','2025-06-30',16093400,_binary '\0\0\0\0\0\0\0]},\›\'D@&°RüJ\ÙR¿'),(69,'2025-05-27','2025-11-28',1446800,_binary '\0\0\0\0\0\0\0A$\ı8¶\˜W¿\«QrZ;\ÚC@'),(70,'2025-05-27','2025-10-03',965606,_binary '\0\0\0\0\0\0\0A$\ı8¶\˜W¿\«QrZ;\ÚC@'),(71,'2025-04-30','2025-06-30',16093400,_binary '\0\0\0\0\0\0\0]},\›\'D@&°RüJ\ÙR¿'),(72,'2025-05-27','2026-01-30',965606,_binary '\0\0\0\0\0\0\0A$\ı8¶\˜W¿\«QrZ;\ÚC@'),(73,'2025-04-30','2025-06-30',16093400,_binary '\0\0\0\0\0\0\0]},\›\'D@&°RüJ\ÙR¿'),(74,'2025-04-30','2025-06-30',16093400,_binary '\0\0\0\0\0\0\0]},\›\'D@&°RüJ\ÙR¿'),(75,'2025-04-30','2025-06-30',16093400,_binary '\0\0\0\0\0\0\0]},\›\'D@&°RüJ\ÙR¿'),(76,'2025-04-30','2025-06-30',16093400,_binary '\0\0\0\0\0\0\0]},\›\'D@&°RüJ\ÙR¿'),(77,'2025-04-30','2025-06-30',16093400,_binary '\0\0\0\0\0\0\0]},\›\'D@&°RüJ\ÙR¿'),(78,'2025-04-30','2025-06-30',16093400,_binary '\0\0\0\0\0\0\0]},\›\'D@&°RüJ\ÙR¿'),(79,'2025-04-30','2025-06-30',16093400,_binary '\0\0\0\0\0\0\0]},\›\'D@&°RüJ\ÙR¿'),(80,'2025-04-30','2025-06-30',16093400,_binary '\0\0\0\0\0\0\0]},\›\'D@&°RüJ\ÙR¿'),(81,'2025-05-27','2025-11-28',160934,_binary '\0\0\0\0\0\0\0A$\ı8¶\˜W¿\«QrZ;\ÚC@'),(82,'2025-05-27','2025-11-28',160934,_binary '\0\0\0\0\0\0\0A$\ı8¶\˜W¿\«QrZ;\ÚC@'),(83,'2025-04-30','2025-06-30',16093400,_binary '\0\0\0\0\0\0\0]},\›\'D@&°RüJ\ÙR¿'),(84,'2025-05-27','2026-06-05',3218690,_binary '\0\0\0\0\0\0\0´mì\Ïô]¿\ZÄ?∏\ÙA@'),(85,'2025-05-27','2025-11-28',160934,_binary '\0\0\0\0\0\0\0êe	!†T¿\Ôt\Áâ\Á7@'),(86,'2025-05-27','2026-07-31',160934,_binary '\0\0\0\0\0\0\08hÅJ\ŒR¿©êB™æ¯C@'),(87,'2025-05-27','2025-08-29',160934,_binary '\0\0\0\0\0\0\08hÅJ\ŒR¿©êB™æ¯C@'),(88,'2025-05-27','2025-10-03',160934,_binary '\0\0\0\0\0\0\08hÅJ\ŒR¿©êB™æ¯C@'),(89,'2025-05-27','2025-08-29',160934,_binary '\0\0\0\0\0\0\08hÅJ\ŒR¿©êB™æ¯C@'),(90,'2025-05-27','2025-10-03',160934,_binary '\0\0\0\0\0\0\08hÅJ\ŒR¿©êB™æ¯C@'),(91,'2025-05-27','2026-06-05',804672,_binary '\0\0\0\0\0\0\0´mì\Ïô]¿\ZÄ?∏\ÙA@'),(92,'2025-05-27','2025-09-18',482803,_binary '\0\0\0\0\0\0\0÷ãcDﬂ∫P¿\Ó\ .\\%@'),(93,'2025-05-27','2025-09-18',4828030,_binary '\0\0\0\0\0\0\0÷ãcDﬂ∫P¿\Ó\ .\\%@'),(94,'2025-05-27','2025-09-18',482803,_binary '\0\0\0\0\0\0\0<≥¥rΩ3@\∆QCM\‰G@'),(95,'2025-05-27','2025-09-18',4828030,_binary '\0\0\0\0\0\0\0<≥¥rΩ3@\∆QCM\‰G@'),(96,'2025-05-27','2025-09-18',160934,_binary '\0\0\0\0\0\0\08hÅJ\ŒR¿©êB™æ¯C@'),(97,'2025-05-27','2025-09-18',160934,_binary '\0\0\0\0\0\0\0xµXaef¿\ƒk\Í~FO@'),(98,'2025-05-27','2026-10-02',160934,_binary '\0\0\0\0\0\0\0 \»\…˙1\ÙR¿º;yïØ™D@'),(99,'2025-05-28','2026-02-27',80467.2,_binary '\0\0\0\0\0\0\08hÅJ\ŒR¿©êB™æ¯C@'),(100,'2025-05-28','2026-01-02',160934,_binary '\0\0\0\0\0\0\0´mì\Ïô]¿\ZÄ?∏\ÙA@'),(101,'2025-05-28','2026-01-02',965606,_binary '\0\0\0\0\0\0\0´mì\Ïô]¿\ZÄ?∏\ÙA@'),(102,'2025-07-04','1969-12-31',80467.2,_binary '\0\0\0\0\0\0\0êe	!†T¿\Ôt\Áâ\Á7@'),(103,'2025-05-28','2025-10-24',1609.34,_binary '\0\0\0\0\0\0\08hÅJ\ŒR¿©êB™æ¯C@'),(104,'2025-05-28','2025-10-24',1609.34,_binary '\0\0\0\0\0\0\08hÅJ\ŒR¿©êB™æ¯C@'),(105,'2025-05-28','2025-10-24',1609.34,_binary '\0\0\0\0\0\0\08hÅJ\ŒR¿©êB™æ¯C@'),(106,'2025-05-28','2025-10-24',160934,_binary '\0\0\0\0\0\0\08hÅJ\ŒR¿©êB™æ¯C@'),(107,'2025-05-28','2025-12-06',1609.34,_binary '\0\0\0\0\0\0\08hÅJ\ŒR¿©êB™æ¯C@'),(108,'2025-05-28','2025-12-06',1609.34,_binary '\0\0\0\0\0\0\08hÅJ\ŒR¿©êB™æ¯C@'),(109,'2025-05-28','2025-12-06',1609.34,_binary '\0\0\0\0\0\0\08hÅJ\ŒR¿©êB™æ¯C@'),(110,'2025-05-28','2025-12-06',1609.34,_binary '\0\0\0\0\0\0\08hÅJ\ŒR¿©êB™æ¯C@'),(111,'2025-05-28','2025-12-06',1609.34,_binary '\0\0\0\0\0\0\08hÅJ\ŒR¿©êB™æ¯C@'),(112,'2025-05-28','2025-12-06',1609.34,_binary '\0\0\0\0\0\0\08hÅJ\ŒR¿©êB™æ¯C@'),(113,'2025-05-28','2025-12-06',1609.34,_binary '\0\0\0\0\0\0\08hÅJ\ŒR¿©êB™æ¯C@'),(114,'2025-05-28','2026-01-02',160934,_binary '\0\0\0\0\0\0\08hÅJ\ŒR¿©êB™æ¯C@'),(115,'2025-05-28','2026-01-02',160934,_binary '\0\0\0\0\0\0\08hÅJ\ŒR¿©êB™æ¯C@'),(116,'2025-05-28','2025-10-03',160934,_binary '\0\0\0\0\0\0\08hÅJ\ŒR¿©êB™æ¯C@'),(117,'2025-05-28','2025-10-31',160934,_binary '\0\0\0\0\0\0\08hÅJ\ŒR¿©êB™æ¯C@'),(118,'2025-05-28','2025-08-22',160934,_binary '\0\0\0\0\0\0\08hÅJ\ŒR¿©êB™æ¯C@'),(119,'2025-05-28','2025-12-05',320259,_binary '\0\0\0\0\0\0\08hÅJ\ŒR¿©êB™æ¯C@'),(120,'2025-05-28','2025-10-31',160934,_binary '\0\0\0\0\0\0\08hÅJ\ŒR¿©êB™æ¯C@'),(121,'2025-05-28','2025-09-26',160934,_binary '\0\0\0\0\0\0\08hÅJ\ŒR¿©êB™æ¯C@'),(122,'2025-05-28','2025-10-31',160934,_binary '\0\0\0\0\0\0\08hÅJ\ŒR¿©êB™æ¯C@'),(123,'2025-05-28','2025-10-03',321869,_binary '\0\0\0\0\0\0\08hÅJ\ŒR¿©êB™æ¯C@');
/*!40000 ALTER TABLE `searches` ENABLE KEYS */;
UNLOCK TABLES;

--
-- Table structure for table `sings`
--

DROP TABLE IF EXISTS `sings`;
/*!40101 SET @saved_cs_client     = @@character_set_client */;
/*!50503 SET character_set_client = utf8mb4 */;
CREATE TABLE `sings` (
  `id` int NOT NULL AUTO_INCREMENT,
  `name` varchar(100) DEFAULT NULL,
  `owner_id` varchar(100) DEFAULT NULL,
  `start_date` date NOT NULL,
  `end_date` date DEFAULT NULL,
  `when_description` varchar(100) DEFAULT NULL,
  `start_time` time DEFAULT NULL,
  `end_time` time DEFAULT NULL,
  `primary_book` int DEFAULT NULL,
  `secondary_book` int DEFAULT NULL,
  `contact_email` varchar(320) DEFAULT NULL,
  `user_added_note` varchar(1000) DEFAULT NULL,
  `location` point NOT NULL,
  PRIMARY KEY (`id`),
  SPATIAL KEY `location` (`location`),
  KEY `primary_book` (`primary_book`),
  KEY `secondary_book` (`secondary_book`),
  KEY `owner_id` (`owner_id`),
  CONSTRAINT `sings_ibfk_1` FOREIGN KEY (`primary_book`) REFERENCES `books` (`id`),
  CONSTRAINT `sings_ibfk_2` FOREIGN KEY (`secondary_book`) REFERENCES `books` (`id`),
  CONSTRAINT `sings_ibfk_3` FOREIGN KEY (`owner_id`) REFERENCES `users` (`uuid`)
) ENGINE=InnoDB AUTO_INCREMENT=357 DEFAULT CHARSET=utf8mb4 COLLATE=utf8mb4_0900_ai_ci;
/*!40101 SET character_set_client = @saved_cs_client */;

--
-- Dumping data for table `sings`
--

LOCK TABLES `sings` WRITE;
/*!40000 ALTER TABLE `sings` DISABLE KEYS */;
INSERT INTO `sings` VALUES (1,'Huntsville Sacred Harp Singing','10b2fd3b-0d98-4b38-9d1f-d4f7701913e7','2025-05-03',NULL,NULL,'09:30:00','14:30:00',1,NULL,'test@test.com','Previous minutes at fasola.org',_binary '\0\0\0\0\0\0\0Q?≈úÉ¢U¿“™#˘\\A@'),(3,'test','10b2fd3b-0d98-4b38-9d1f-d4f7701913e7','2025-12-31',NULL,'Jan, New Yearnulls Day','10:00:00','15:00:00',13,NULL,NULL,NULL,_binary '\0\0\0\0\0\0\0=+i\≈7~U¿Z.ù\Û\”D@'),(4,'UK New Yearnulls Day Singing','10b2fd3b-0d98-4b38-9d1f-d4f7701913e7','2026-01-01',NULL,'Jan, New Yearnulls Day',NULL,NULL,1,9,NULL,NULL,_binary '\0\0\0\0\0\0\05\Ó\Õoò®\ıø\◊mP˚≠}J@'),(5,'Something Else test','10b2fd3b-0d98-4b38-9d1f-d4f7701913e7','2026-02-28',NULL,'Jan, New Yearnulls Day','10:00:00','15:00:00',16,NULL,NULL,NULL,_binary '\0\0\0\0\0\0\0\ÛvÑ”Ç	U¿\ˆ]¸oB@'),(6,'Hamburg New Yearnulls Singing','10b2fd3b-0d98-4b38-9d1f-d4f7701913e7','2026-03-01',NULL,'Jan, Sat before 1st Sun','10:30:00','16:00:00',1,6,NULL,NULL,_binary '\0\0\0\0\0\0\0¥up∞7$@qØ\Ã[u\≈J@'),(7,'Valley Pocket Harmonist Two-Day Singing','10b2fd3b-0d98-4b38-9d1f-d4f7701913e7','2026-03-01',NULL,'Jan, 1st Sun &. Sat Before','10:00:00','15:30:00',21,NULL,NULL,NULL,_binary '\0\0\0\0\0\0\0*ˇZ^π~S¿ _BáìC@'),(8,'Shady Grove Singing','10b2fd3b-0d98-4b38-9d1f-d4f7701913e7','2026-04-01',NULL,'Jan, 1st Sun','10:00:00','15:30:00',1,NULL,NULL,NULL,_binary '\0\0\0\0\0\0\0ZJñìP\€U¿˝/◊¢A@'),(9,'Lillian Calvert and Irene Woodley Memorial','10b2fd3b-0d98-4b38-9d1f-d4f7701913e7','2026-10-01',NULL,'Jan, Sat before 2nd Sun',NULL,NULL,1,NULL,NULL,NULL,_binary '\0\0\0\0\0\0\0\∆O\„\ﬁ\ÀU¿@l\È\—T\Ì@@'),(10,'Central Florida All-Day Sacred Harp Singing','10b2fd3b-0d98-4b38-9d1f-d4f7701913e7','2026-10-01',NULL,'Jan, 2nd Sun &. Sat before','09:30:00','15:00:00',1,9,NULL,NULL,_binary '\0\0\0\0\0\0\0Ö\Í\Ê\‚oZU¿j˚WVö\‚@@'),(11,'Helms-Bayne Memorial','10b2fd3b-0d98-4b38-9d1f-d4f7701913e7','2026-10-01',NULL,'Jan, Sat before 2nd Sun',NULL,NULL,9,NULL,NULL,NULL,_binary '\0\0\0\0\0\0\0zohU¿≠mä\«Eu?@'),(12,'Chicago Anniversary Singing','10b2fd3b-0d98-4b38-9d1f-d4f7701913e7','2026-11-01',NULL,'Jan, 2nd Sun','09:30:00','15:00:00',1,NULL,NULL,NULL,_binary '\0\0\0\0\0\0\0ºSîK\ÔU¿\\™\“\◊¯D@'),(13,'Uncle Jack Kerr and Henry Kerr Memorial','10b2fd3b-0d98-4b38-9d1f-d4f7701913e7','2026-11-01',NULL,'Jan, 2nd Sun','09:30:00','15:00:00',1,NULL,NULL,NULL,_binary '\0\0\0\0\0\0\0Ö\Í\Ê\‚oZU¿j˚WVö\‚@@'),(14,'West Texas Singing','10b2fd3b-0d98-4b38-9d1f-d4f7701913e7','2026-01-17',NULL,'Jan, Sat before MLK Day','10:00:00','15:00:00',1,NULL,NULL,NULL,_binary '\0\0\0\0\0\0\0lzPPäOY¿8¿\Ãw\\”@@'),(15,'Roving Shenandoah Harmony Singing ','10b2fd3b-0d98-4b38-9d1f-d4f7701913e7','2026-01-17',NULL,'Jan, Sat before 3rd Sun','10:30:00','15:00:00',18,NULL,NULL,NULL,_binary '\0\0\0\0\0\0\0¯â\Ë\˜˝{?\·&£\ pI@'),(16,'All-California Sacred Harp Convention','10b2fd3b-0d98-4b38-9d1f-d4f7701913e7','2026-01-17',NULL,'Jan, 3rd Sun &. Sat before','09:30:00','15:00:00',1,NULL,NULL,NULL,_binary '\0\0\0\0\0\0\0ÖòK™∂é^¿\rèR	\·B@'),(17,'Creel Memorial Christian Harmony Singing','10b2fd3b-0d98-4b38-9d1f-d4f7701913e7','2026-01-18',NULL,'Jan, 3rd Sun','10:00:00','15:00:00',6,NULL,NULL,NULL,_binary '\0\0\0\0\0\0\0)ï\Ñ^ªU¿\\›zM\Á@@'),(18,'Australian Sacred Harp Convention','10b2fd3b-0d98-4b38-9d1f-d4f7701913e7','2026-01-24',NULL,'Jan, 4th Sun &. Sat before','09:30:00','15:30:00',1,NULL,NULL,NULL,_binary '\0\0\0\0\0\0\0å\Ú\Ã\À\·\Âb@J\ÌE¥\Û@@'),(19,'Jacksonville All-Day Singing','10b2fd3b-0d98-4b38-9d1f-d4f7701913e7','2026-01-24',NULL,'Jan, Sat before 4th Sun','09:00:00','15:30:00',1,NULL,NULL,NULL,_binary '\0\0\0\0\0\0\0≤KTo\rjT¿aO;¸5Y>@'),(20,'Keystone Convention','10b2fd3b-0d98-4b38-9d1f-d4f7701913e7','2025-01-01',NULL,'Jan, 4th Sun &. Sat before','10:00:00','15:30:00',1,NULL,NULL,NULL,_binary '\0\0\0\0\0\0\0ì\05µl\nS¿ê\⁄\ƒ\…D@'),(21,'Bill Green Memorial/Baldwin County Convention','10b2fd3b-0d98-4b38-9d1f-d4f7701913e7','2025-01-01',NULL,'Jan, 4th Sun &. Sat before','10:00:00','16:00:00',9,6,NULL,NULL,_binary '\0\0\0\0\0\0\0˙*˘\ÿ]\ÚU¿\›D-Õ≠\ƒ>@'),(22,'William J. Reynolds Sacred Harp Singing','10b2fd3b-0d98-4b38-9d1f-d4f7701913e7','2025-01-01',NULL,'Jan, Last Saturday','09:30:00','15:00:00',1,NULL,NULL,NULL,_binary '\0\0\0\0\0\0\0\÷\„æ\’:VX¿\È*\›]gW@@'),(23,'Western Massachusetts Christian Harmony All-Day','10b2fd3b-0d98-4b38-9d1f-d4f7701913e7','2025-01-01',NULL,'Feb, Sat before 1st Sun','10:30:00','15:30:00',6,NULL,NULL,NULL,_binary '\0\0\0\0\0\0\0\0s-ZÄ(R¿°◊ü\ƒ\Á(E@'),(24,'New Orleans All Day','10b2fd3b-0d98-4b38-9d1f-d4f7701913e7','2025-01-01',NULL,'Feb, 1st Sat','10:00:00','16:00:00',1,NULL,NULL,NULL,_binary '\0\0\0\0\0\0\0\rR\ÉV¿x~QÇ˛˙=@'),(25,'Dahlonega Shenandoah Harmony Singing','10b2fd3b-0d98-4b38-9d1f-d4f7701913e7','2025-01-01',NULL,'Feb, Sat before 1st Sun','10:00:00','15:00:00',18,NULL,NULL,NULL,_binary '\0\0\0\0\0\0\0*\…:]\0U¿	4\ÿ\‘EA@'),(26,'Rotunda Singing','10b2fd3b-0d98-4b38-9d1f-d4f7701913e7','2026-01-31',NULL,'Feb, Sat before 1st Sun','09:30:00','15:00:00',1,9,NULL,NULL,_binary '\0\0\0\0\0\0\0\ÀiO\…9ìU¿®V_]0@@'),(27,'Burnham and Brown Memorial','10b2fd3b-0d98-4b38-9d1f-d4f7701913e7','2026-01-02',NULL,'Feb, 1st Sun','09:30:00','15:00:00',1,NULL,NULL,NULL,_binary '\0\0\0\0\0\0\0˙cZõ\∆pU¿Å\"1\Ï\Ë@@'),(28,'Central Music Convention','10b2fd3b-0d98-4b38-9d1f-d4f7701913e7','2026-01-02',NULL,'Feb, 1st Sun',NULL,NULL,9,NULL,NULL,NULL,_binary '\0\0\0\0\0\0\0\…U,~SÑU¿0∫º9\\?@'),(29,'Flitwick Singing','10b2fd3b-0d98-4b38-9d1f-d4f7701913e7','2026-07-02',NULL,'Feb, Sat before 2nd Sun',NULL,NULL,9,NULL,NULL,NULL,_binary '\0\0\0\0\0\0\0˚]ÿö≠ºﬂø†•+\ÿF\0J@'),(30,'Sanders Memorial','10b2fd3b-0d98-4b38-9d1f-d4f7701913e7','2026-07-02',NULL,'Feb, Sat before 2nd Sun','10:00:00','15:00:00',1,NULL,NULL,NULL,_binary '\0\0\0\0\0\0\0K±£q®¿U¿Ç\0:v\ﬁ@@'),(31,'Florida State Fair Singing','10b2fd3b-0d98-4b38-9d1f-d4f7701913e7','2026-07-02',NULL,'Feb, Sat before 2nd Sun','10:30:00','12:30:00',9,NULL,NULL,NULL,_binary '\0\0\0\0\0\0\0∂\⁄\√^(óT¿O<g˝;@'),(32,'Emory University','10b2fd3b-0d98-4b38-9d1f-d4f7701913e7','2026-07-02',NULL,'Feb, Sat before 2nd Sun','10:00:00','14:30:00',1,NULL,NULL,NULL,_binary '\0\0\0\0\0\0\0$ô\’;\‹U¿	√Ä%W\Â@@'),(33,'Lincolnnulls Birthday Singing','10b2fd3b-0d98-4b38-9d1f-d4f7701913e7','2026-07-02',NULL,'Feb, Sat before 2nd Sun',NULL,NULL,1,NULL,NULL,NULL,_binary '\0\0\0\0\0\0\0\Ûê)\ÊU¿_ó\·?\›\‰D@'),(34,'Baylor University Singing','10b2fd3b-0d98-4b38-9d1f-d4f7701913e7','2026-07-02',NULL,'Feb, Sat before 2nd Sun','09:30:00','15:00:00',1,NULL,NULL,NULL,_binary '\0\0\0\0\0\0\0weÆGX¿6!≠1\Ëå?@'),(35,'Minnesota State Midwinter Singing','10b2fd3b-0d98-4b38-9d1f-d4f7701913e7','2026-07-02',NULL,'Feb, Sat before 2nd Sun','09:30:00','15:00:00',9,NULL,NULL,NULL,_binary '\0\0\0\0\0\0\0S\ k%tKW¿üàÇyF@'),(36,'H. R. Avery Memorial Singing','10b2fd3b-0d98-4b38-9d1f-d4f7701913e7','2026-08-02',NULL,'Feb, 2nd Sun','10:00:00','14:00:00',1,NULL,NULL,NULL,_binary '\0\0\0\0\0\0\0p}Xo\‘jU¿˙_ÆEÇ@@'),(37,'Pacific Northwest Convention','10b2fd3b-0d98-4b38-9d1f-d4f7701913e7','2026-02-14',NULL,'Feb, 3rd Sun &. Sat before','09:30:00','15:00:00',1,NULL,NULL,NULL,_binary '\0\0\0\0\0\0\0>\–\nYô^¿U£Wî\÷G@'),(38,'Panhandle Pioneer Museum','10b2fd3b-0d98-4b38-9d1f-d4f7701913e7','2026-02-14',NULL,'Feb, Sat before 3rd Sun','10:00:00','15:00:00',9,NULL,NULL,NULL,_binary '\0\0\0\0\0\0\0}îÄDU¿KVE∏\…t>@'),(39,'South Yorkshire Singing','10b2fd3b-0d98-4b38-9d1f-d4f7701913e7','2026-02-21',NULL,'Feb, Sat before 4th Sun','11:00:00','16:00:00',1,NULL,NULL,NULL,_binary '\0\0\0\0\0\0\0òÜ\·#bJ¯ø˛(\Í\Ã=¥J@'),(40,'J.L. White Sacred Harp Singing','10b2fd3b-0d98-4b38-9d1f-d4f7701913e7','2026-02-21',NULL,'Feb, Sat before 4th Sun','10:00:00','15:00:00',14,NULL,NULL,NULL,_binary '\0\0\0\0\0\0\0b†k_U¿\Õ\‰õmn\ﬁ@@'),(41,'Troy All-Day Singing','10b2fd3b-0d98-4b38-9d1f-d4f7701913e7','2026-02-21',NULL,'Feb, Sat before 4th Sun','09:30:00','14:30:00',9,NULL,NULL,NULL,_binary '\0\0\0\0\0\0\0	á3øU¿|\r¡q\”?@'),(42,'The Social Harp and Sacred Harp Singing','10b2fd3b-0d98-4b38-9d1f-d4f7701913e7','2026-02-22',NULL,'Feb, 4th Sun','10:00:00','15:00:00',1,19,NULL,NULL,_binary '\0\0\0\0\0\0\0Bµ¡â\Ë\ÕT¿\Ûíˇ\…\ﬂ\Û@@'),(43,'Madison County Grapevine Singing ','10b2fd3b-0d98-4b38-9d1f-d4f7701913e7','2026-02-28',NULL,'Mar, Sat before 1st Sun','10:00:00','15:00:00',5,NULL,NULL,NULL,_binary '\0\0\0\0\0\0\0ª∂∑[ßT¿\ˆ]¸o\ÎA@'),(44,'Elder Gerald Hand Memorial','10b2fd3b-0d98-4b38-9d1f-d4f7701913e7','2026-02-28',NULL,'Mar, 1st Sun &. Sat before','09:00:00','15:00:00',1,NULL,NULL,NULL,_binary '\0\0\0\0\0\0\0r®ﬂÖ≠Ω[¿^&\≈\«#@@'),(45,'Ireland Convention','10b2fd3b-0d98-4b38-9d1f-d4f7701913e7','2026-02-28',NULL,'Mar, 1st Sun &. Sat before','10:00:00','15:00:00',1,NULL,NULL,NULL,_binary '\0\0\0\0\0\0\0∫jû#\Ú\ı ¿ØΩ7Ü\ÚI@'),(46,'Ohio State Convention','10b2fd3b-0d98-4b38-9d1f-d4f7701913e7','2026-02-28',NULL,'Mar, Sat before 1st Sun','10:00:00','15:00:00',1,NULL,NULL,NULL,_binary '\0\0\0\0\0\0\0°\–¸{:¡T¿´\Ë\Õ<D@'),(47,'Arie and Mona Galloway Memorial','10b2fd3b-0d98-4b38-9d1f-d4f7701913e7','2026-02-28',NULL,'Mar, Sat before 1st Sun',NULL,NULL,9,NULL,NULL,NULL,_binary '\0\0\0\0\0\0\0\'æ\⁄QÑU¿0∫º9\\?@'),(48,'Rogers Memorial','10b2fd3b-0d98-4b38-9d1f-d4f7701913e7','2026-01-03',NULL,'Mar, 1st Sun','10:00:00','15:00:00',1,NULL,NULL,NULL,_binary '\0\0\0\0\0\0\0L\√\1PU¿\'â%\Â\Ó≥@@'),(49,'North Carolina Sacred Harp Singing','10b2fd3b-0d98-4b38-9d1f-d4f7701913e7','2026-07-03',NULL,'Mar, Sat before 2nd Sun','09:30:00','15:30:00',1,18,NULL,NULL,_binary '\0\0\0\0\0\0\0\◊kzPP™S¿\ÀHΩßr\‰A@'),(50,'Western Massachusetts Sacred Harp Convention','10b2fd3b-0d98-4b38-9d1f-d4f7701913e7','2026-07-03',NULL,'Mar, 2nd Sun &. Sat before','10:00:00','15:30:00',1,NULL,NULL,NULL,_binary '\0\0\0\0\0\0\0µå\‘{*+R¿\Z\ZOq*E@'),(51,'Missouri State Convention','10b2fd3b-0d98-4b38-9d1f-d4f7701913e7','2026-07-03',NULL,'Mar, 2nd Sun &. Sat before','09:30:00','15:00:00',1,15,NULL,NULL,_binary '\0\0\0\0\0\0\0G∞q˝ªñV¿Wìß¨¶KC@'),(52,'Olympia All Day','10b2fd3b-0d98-4b38-9d1f-d4f7701913e7','2026-07-03',NULL,'Mar, 2nd Sun &. Sat before','09:30:00','15:00:00',1,NULL,NULL,NULL,_binary '\0\0\0\0\0\0\0\ˆ$∞9¡^¿π\‚\‚®‹äG@'),(53,'John Etheridge Singing','10b2fd3b-0d98-4b38-9d1f-d4f7701913e7','2026-07-03',NULL,'Mar, Sat before 2nd Sun',NULL,NULL,9,NULL,NULL,NULL,_binary '\0\0\0\0\0\0\0Ü\»\È\ÎêU¿ãk|&˚c?@'),(54,'Sussex Shape Note Singing','10b2fd3b-0d98-4b38-9d1f-d4f7701913e7','2026-07-03',NULL,'Mar, Sat before 2nd Sun',NULL,NULL,1,NULL,NULL,NULL,_binary '\0\0\0\0\0\0\0¡~˛{\∆ø\\\÷µÑI@'),(55,'Oxford Singing','10b2fd3b-0d98-4b38-9d1f-d4f7701913e7','2026-08-03',NULL,'Mar, 2nd Sun','09:45:00','15:00:00',1,NULL,NULL,NULL,_binary '\0\0\0\0\0\0\0ûACˇ_V¿\ıÿñg-A@'),(56,'William Walker Memorial','10b2fd3b-0d98-4b38-9d1f-d4f7701913e7','2026-03-14',NULL,'Mar, Sat before 3rd Sun ','10:00:00','15:00:00',1,6,NULL,NULL,_binary '\0\0\0\0\0\0\0ê\›J\n|T¿\nÖ8ÑzA@'),(57,'West Midlands Singing','10b2fd3b-0d98-4b38-9d1f-d4f7701913e7','2026-03-14',NULL,'Mar, Sat before 3rd Sun ','10:30:00','16:00:00',1,NULL,NULL,NULL,_binary '\0\0\0\0\0\0\0\˜Ye¶¥û\0¿¢©\€\Ÿ/J@'),(58,'Stephenson, Wall and Hocutt Memorial Singing','10b2fd3b-0d98-4b38-9d1f-d4f7701913e7','2026-03-14',NULL,'Mar, Sat before 3rd Sun ','09:30:00','15:00:00',1,6,NULL,NULL,_binary '\0\0\0\0\0\0\0^có®\ﬁ\ÀU¿¿]\ˆ\ÎN\Ì@@'),(59,'Hoboken All Day Singing','10b2fd3b-0d98-4b38-9d1f-d4f7701913e7','2026-03-14',NULL,'Mar, Sat before 3rd Sun ','09:00:00','15:00:00',9,NULL,NULL,NULL,_binary '\0\0\0\0\0\0\0∏\Ëd©\ıäT¿\È\\∆O/?@'),(60,'Deason Memorial Christian Harmony Singing','10b2fd3b-0d98-4b38-9d1f-d4f7701913e7','2026-03-15',NULL,'Mar, 3rd Sun','10:00:00','15:00:00',6,NULL,NULL,NULL,_binary '\0\0\0\0\0\0\0EÅ>ë\'\“U¿\›C\¬\˜˛Ä@@'),(61,'Godsey Sisters and Sandra Spradlin Memorial','10b2fd3b-0d98-4b38-9d1f-d4f7701913e7','2026-03-15',NULL,'Mar, 3rd Sun','10:00:00','15:00:00',1,NULL,NULL,NULL,_binary '\0\0\0\0\0\0\0®(\N\€U¿˝/◊¢A@'),(62,'Cologne Singing','10b2fd3b-0d98-4b38-9d1f-d4f7701913e7','2026-03-21',NULL,'Mar, Sat before 4th Sun','10:30:00','17:00:00',1,18,NULL,NULL,_binary '\0\0\0\0\0\0\0OX\‚e\”@ú\ƒ ∞rxI@'),(63,'Swarens Memorial Higher Ground All-Day Singing','10b2fd3b-0d98-4b38-9d1f-d4f7701913e7','2026-03-21',NULL,'Mar, Sat before 4th Sun','09:30:00','15:00:00',1,18,NULL,NULL,_binary '\0\0\0\0\0\0\0\Ë¿rÑäU¿VE∏…®\ÓC@'),(64,'Georgia State Convention','10b2fd3b-0d98-4b38-9d1f-d4f7701913e7','2026-03-21',NULL,'Mar, 4th Sun &. Sat before','10:00:00','15:00:00',1,NULL,NULL,NULL,_binary '\0\0\0\0\0\0\0\⁄≠¿êIU¿\«*•gz\◊@@'),(65,'Vermont All-Day Singing','10b2fd3b-0d98-4b38-9d1f-d4f7701913e7','2026-03-21',NULL,'Mar, Sat before 4th Sun','10:00:00','16:00:00',1,NULL,NULL,NULL,_binary '\0\0\0\0\0\0\0µà(&o R¿¢õ˝ÅrF@'),(66,'Jubilee Festival','10b2fd3b-0d98-4b38-9d1f-d4f7701913e7','2026-03-22',NULL,'Feb, 4th Sun',NULL,NULL,16,NULL,NULL,NULL,_binary '\0\0\0\0\0\0\0RπâZö˚T¿$|\Ôo\–˙A@'),(67,'Tom Woodham, Ezzie Hartzog, &. Faircloth Memorial','10b2fd3b-0d98-4b38-9d1f-d4f7701913e7','2026-03-21',NULL,'Mar, Sat before 4th Sun',NULL,NULL,9,NULL,NULL,NULL,_binary '\0\0\0\0\0\0\0ì˝\Û4`oU¿lï`q8\Ô>@'),(68,'Georgian Harmony Singing','10b2fd3b-0d98-4b38-9d1f-d4f7701913e7','2026-03-28',NULL,'Mar, Sat before First 5th Sun of year','10:00:00','15:00:00',12,NULL,NULL,NULL,_binary '\0\0\0\0\0\0\0/l\ÕV^U¿\ÈIô\‘\–\ˆ@@'),(69,'Parker, Hollis, Putnam Memorial','10b2fd3b-0d98-4b38-9d1f-d4f7701913e7','2026-03-28',NULL,'Mar, Sat before First 5th Sun of year',NULL,NULL,1,NULL,NULL,NULL,_binary '\0\0\0\0\0\0\0K±£q®¿U¿Ç\0:v\ﬁ@@'),(70,'Southwest Texas Convention','10b2fd3b-0d98-4b38-9d1f-d4f7701913e7','2026-03-28',NULL,'Mar, First 5th Sun of Spring and Sat before','09:30:00','14:30:00',9,NULL,NULL,NULL,_binary '\0\0\0\0\0\0\0\¬4bX¿©ø^a¡\Ÿ=@'),(71,'Bethlehem PBC 5th Sunday Singing','10b2fd3b-0d98-4b38-9d1f-d4f7701913e7','2026-03-29',NULL,'Mar, Every 5th Sunday',NULL,NULL,9,NULL,NULL,NULL,_binary '\0\0\0\0\0\0\0\\\ ˘b\ÔÉT¿wŸØ;›π;@'),(72,'Ivey Memorial','10b2fd3b-0d98-4b38-9d1f-d4f7701913e7','2026-03-29',NULL,'Mar, First 5th Sun of year','09:30:00','15:00:00',1,NULL,NULL,NULL,_binary '\0\0\0\0\0\0\0˝ü\√|ypU¿ííÜVSA@'),(73,'P. Dan Brittain Memorial Singing','10b2fd3b-0d98-4b38-9d1f-d4f7701913e7','2026-11-04',NULL,'Apr, 2nd Sun &. Sat before','09:30:00','15:00:00',1,NULL,NULL,NULL,_binary '\0\0\0\0\0\0\0Ot	åW¿\˜\«{\’\ \ˆA@'),(74,'Jones Memorial Singing','10b2fd3b-0d98-4b38-9d1f-d4f7701913e7','2026-04-04',NULL,'Apr, Sat before 1st Sun','10:00:00','15:00:00',9,NULL,NULL,NULL,_binary '\0\0\0\0\0\0\0¿@ CèU¿µ\·∞4\K?@'),(75,'Potomac River Convention','10b2fd3b-0d98-4b38-9d1f-d4f7701913e7','2026-04-04',NULL,'Apr, 1st Sun &. Sat before','10:30:00','16:00:00',1,18,NULL,NULL,_binary '\0\0\0\0\0\0\0\ÿ(\Î7HS¿˛\‘x\È&qC@'),(76,'Dahlonega All-Day Singing','10b2fd3b-0d98-4b38-9d1f-d4f7701913e7','2026-04-04',NULL,'Apr, Sat before 1st Sun','10:00:00','15:00:00',1,NULL,NULL,NULL,_binary '\0\0\0\0\0\0\0<Ñ\Ò”∏˛T¿\»\”\ÚW=A@'),(77,'Harpeth Valley-Priestley Miller Memorial','10b2fd3b-0d98-4b38-9d1f-d4f7701913e7','2026-04-04',NULL,'Apr, Sat before 1st Sun','09:30:00','14:30:00',1,NULL,NULL,NULL,_binary '\0\0\0\0\0\0\0∑\Ì{\‘_ÆU¿l[î\Ÿ B@'),(78,'Iowa All-Day Annual Singing','10b2fd3b-0d98-4b38-9d1f-d4f7701913e7','2026-04-04',NULL,'Apr, Sat before 1st Sun','09:00:00','15:30:00',1,NULL,NULL,NULL,_binary '\0\0\0\0\0\0\0≤h:;kW¿\‡\ÎT˘\ D@'),(79,'Sweetwater All-Day Singing','10b2fd3b-0d98-4b38-9d1f-d4f7701913e7','2026-04-04',NULL,'Apr, Sat before 1st Sun','09:00:00','14:30:00',1,NULL,NULL,NULL,_binary '\0\0\0\0\0\0\0p¥\„ÜﬂëT¿y\Íë∑Å=@'),(80,'Brighton Sacred Harp Singing Day','10b2fd3b-0d98-4b38-9d1f-d4f7701913e7','2026-04-04',NULL,'Apr, Sat before 1st Sun',NULL,NULL,1,NULL,NULL,NULL,_binary '\0\0\0\0\0\0\05∂◊Ç\ﬁ√ø#üW<\ıjI@'),(81,'Hugh Bill McGuire Memorial','10b2fd3b-0d98-4b38-9d1f-d4f7701913e7','2026-05-04',NULL,'Apr, 1st Sun',NULL,NULL,1,14,NULL,NULL,_binary '\0\0\0\0\0\0\0\ZÜèà)VV¿í\Ò+\÷˛@@'),(82,'Boogertown Singing','10b2fd3b-0d98-4b38-9d1f-d4f7701913e7','2026-03-29',NULL,'Mar, Last Sun','14:00:00',NULL,16,NULL,NULL,NULL,_binary '\0\0\0\0\0\0\0MI\÷\·\Ë\ﬁT¿,Çˇ≠d\„A@'),(83,'Edwardsville Baptist Church Singing','10b2fd3b-0d98-4b38-9d1f-d4f7701913e7','2026-05-04',NULL,'Apr, 1st Sun','09:30:00','15:00:00',1,NULL,NULL,NULL,_binary '\0\0\0\0\0\0\0åfe˚ê`U¿\'0ù\÷m\⁄@@'),(84,'Ann Arbor Singing','10b2fd3b-0d98-4b38-9d1f-d4f7701913e7','2026-11-04',NULL,'Apr, Sat before 2nd Sun','10:00:00','15:00:00',1,NULL,NULL,NULL,_binary '\0\0\0\0\0\0\0\Ëkñ\ÀF\ÔT¿\≈pu\0\ƒ#E@'),(85,'State Line Church Singing','10b2fd3b-0d98-4b38-9d1f-d4f7701913e7','2026-11-04',NULL,'Apr, Sat before 2nd Sun','10:00:00','15:00:00',1,NULL,NULL,NULL,_binary '\0\0\0\0\0\0\0˝ŸèëIU¿\'3\ﬁVz\◊@@'),(86,'Barfield Memorial','10b2fd3b-0d98-4b38-9d1f-d4f7701913e7','2026-11-04',NULL,'Apr, Sat before 2nd Sun','10:00:00','15:00:00',9,NULL,NULL,NULL,_binary '\0\0\0\0\0\0\0f¯O7PÑU¿0∫º9\\?@'),(87,'Bainbridge Island All-Day Singing','10b2fd3b-0d98-4b38-9d1f-d4f7701913e7','2026-11-04',NULL,'Apr, Sat before 2nd Sun','10:00:00','15:00:00',1,NULL,NULL,NULL,_binary '\0\0\0\0\0\0\0ä;\ﬁ‰∑£^¿\«e\‹\‘\ÿG@'),(88,'Palm Sunday Singing','10b2fd3b-0d98-4b38-9d1f-d4f7701913e7','2026-03-29',NULL,'Mar, Palm Sunday','10:30:00','15:30:00',1,NULL,NULL,NULL,_binary '\0\0\0\0\0\0\0)\\è\¬\ıh\ıø\À\Ò[\ﬁI@'),(89,'County Line Church Singing','10b2fd3b-0d98-4b38-9d1f-d4f7701913e7','2026-12-04',NULL,'Apr, 2nd Sun','09:30:00','15:00:00',1,NULL,NULL,NULL,_binary '\0\0\0\0\0\0\0wfÇ\·\\ªU¿\\›zM\Á@@'),(90,'Antioch Baptist Church Singing','10b2fd3b-0d98-4b38-9d1f-d4f7701913e7','2026-12-04',NULL,'Apr, 2nd Sun','09:30:00','15:00:00',1,NULL,NULL,NULL,_binary '\0\0\0\0\0\0\0aO;¸5hU¿\‰ºˇè`A@'),(91,'Middle Georgia Sacred Harp Singing','10b2fd3b-0d98-4b38-9d1f-d4f7701913e7','2026-04-18',NULL,'Apr, Sat before 3rd Sun','10:00:00','15:00:00',1,NULL,NULL,NULL,_binary '\0\0\0\0\0\0\0‹∏\≈¸\‹U¿_\Ì(Œâ@@'),(92,'Rhode Island All-Day Singing','10b2fd3b-0d98-4b38-9d1f-d4f7701913e7','2026-04-18',NULL,'Apr, Sat before 3rd Sun','10:00:00','15:00:00',1,NULL,NULL,NULL,_binary '\0\0\0\0\0\0\0É4c\—t\ŸQ¿\Ï¡§¯¯\ÍD@'),(93,'Judge Jackson Memorial Singing','10b2fd3b-0d98-4b38-9d1f-d4f7701913e7','2025-05-17',NULL,'May, Sat before 3rd Sun','14:00:00',NULL,8,NULL,NULL,NULL,_binary '\0\0\0\0\0\0\0?åmeU¿\ÂAzäf?@'),(94,'New Haven Singing','10b2fd3b-0d98-4b38-9d1f-d4f7701913e7','2026-04-19',NULL,'Apr, 3rd Sun','10:00:00','15:00:00',1,NULL,NULL,NULL,_binary '\0\0\0\0\0\0\0õZ∂\÷;R¿@\ﬂ,’ßD@'),(95,'Tuckaleechee United Methodist Church Singing','10b2fd3b-0d98-4b38-9d1f-d4f7701913e7','2026-04-19',NULL,'Apr, 3rd Sun',NULL,NULL,16,NULL,NULL,NULL,_binary '\0\0\0\0\0\0\0ãâ\Õ«µ\ÒT¿ç$A∏\÷A@'),(96,'Old Harmony Singing','10b2fd3b-0d98-4b38-9d1f-d4f7701913e7','2026-04-19',NULL,'Apr, 3rd Sun','09:30:00','15:00:00',1,NULL,NULL,NULL,_binary '\0\0\0\0\0\0\0ê\⁄\ƒ\…ZU¿°\◊1Æ\“@@'),(97,'Pine Grove Church','10b2fd3b-0d98-4b38-9d1f-d4f7701913e7','2026-04-19',NULL,'Apr, 3rd Sun',NULL,NULL,1,NULL,NULL,NULL,_binary '\0\0\0\0\0\0\0]®\≈\‡vU¿´\œ\’V\ÏA@'),(98,'East Midlands Sacred Harp Convention','10b2fd3b-0d98-4b38-9d1f-d4f7701913e7','2026-04-25',NULL,'Apr, 4th Sun &. Sat before',NULL,'10:00:00',1,9,NULL,NULL,_binary '\0\0\0\0\0\0\0^¢zk`k\Ùøá\ﬁ\‚\·=kJ@'),(99,'Atlanta Sacred Harp Singing','10b2fd3b-0d98-4b38-9d1f-d4f7701913e7','2026-04-25',NULL,'Apr, Sat before 4th Sun','10:00:00','14:30:00',1,NULL,NULL,NULL,_binary '\0\0\0\0\0\0\0\»@û]æU¿äwÄ\'-\‚@@'),(100,'New York State Regional (Spring)','10b2fd3b-0d98-4b38-9d1f-d4f7701913e7','2026-04-25',NULL,'Apr, Sat before 4th Sun','10:00:00','15:30:00',1,NULL,NULL,NULL,_binary '\0\0\0\0\0\0\0Ä\°DK S¿Ö`UΩ¸8E@'),(101,'Oliver Kindig-Stokes Memorial','10b2fd3b-0d98-4b38-9d1f-d4f7701913e7','2026-04-25',NULL,'Apr, Sat before 4th Sun','10:00:00','15:30:00',1,NULL,NULL,NULL,_binary '\0\0\0\0\0\0\0\œÿól<S¿Ø\n\‘b\D@'),(102,'University of Oklahoma Singing','10b2fd3b-0d98-4b38-9d1f-d4f7701913e7','2026-04-25',NULL,'Apr, Sat before 4th Sun','09:30:00','15:00:00',1,NULL,NULL,NULL,_binary '\0\0\0\0\0\0\0ë9∂\\X¿</\ÛöA@'),(103,'E. T. White Memorial Singing','10b2fd3b-0d98-4b38-9d1f-d4f7701913e7','2026-04-25',NULL,'Apr, Sat before 4th Sun','09:30:00','15:00:00',1,NULL,NULL,NULL,_binary '\0\0\0\0\0\0\0\\‰ûÆ\Ó∫U¿/\ﬂ˙∞\ﬁA@'),(104,'Golden Gate All-Day Singing','10b2fd3b-0d98-4b38-9d1f-d4f7701913e7','2026-04-25',NULL,'Apr, 4th Sun &. Sat before','09:00:00','15:00:00',1,NULL,NULL,NULL,_binary '\0\0\0\0\0\0\0Bò€Ω‹í^¿På,ôc\ÔB@'),(105,'Rusk County Convention','10b2fd3b-0d98-4b38-9d1f-d4f7701913e7','2026-04-25',NULL,'Apr, 4th Sun &. Sat before','09:30:00','15:00:00',9,6,NULL,NULL,_binary '\0\0\0\0\0\0\0°É.\·–©W¿\'.\«+\r@@'),(106,'State of Alabama Convention (Semi-Annual Session)','10b2fd3b-0d98-4b38-9d1f-d4f7701913e7','2026-04-25',NULL,'Apr, Sat before 4th Sun',NULL,NULL,9,NULL,NULL,NULL,_binary '\0\0\0\0\0\0\0¥\…\·ìNÑU¿0∫º9\\?@'),(107,'Alewin-Laminack Memorial','10b2fd3b-0d98-4b38-9d1f-d4f7701913e7','2026-04-26',NULL,'Apr, 4th Sun','09:30:00','15:00:00',1,NULL,NULL,NULL,_binary '\0\0\0\0\0\0\0É/L¶\nZU¿y\Ëª[Y\Ë@@'),(108,'Friendship Church Singing','10b2fd3b-0d98-4b38-9d1f-d4f7701913e7','2026-04-26',NULL,'Apr, 4th Sun','10:00:00','15:00:00',1,NULL,NULL,NULL,_binary '\0\0\0\0\0\0\0êÜS\Ê\Ê\‡U¿Óì£\0QA@'),(109,'Huntsville Sacred Harp Singing','10b2fd3b-0d98-4b38-9d1f-d4f7701913e7','2026-02-05',NULL,'May, Sat before 1st Sun','09:30:00','14:30:00',1,NULL,NULL,NULL,_binary '\0\0\0\0\0\0\0\—?¡≈ä¢U¿mr¯§[A@'),(110,'Portland Double All-Day Singing','10b2fd3b-0d98-4b38-9d1f-d4f7701913e7','2026-02-05',NULL,'May, 1st Sun &. Sat before','09:30:00','15:00:00',1,6,NULL,NULL,_binary '\0\0\0\0\0\0\0\Ò~\‹~˘ß^¿?ˇ=x\Ì\¬F@'),(111,'Northwest Arkansas Spring Singing','10b2fd3b-0d98-4b38-9d1f-d4f7701913e7','2026-02-05',NULL,'May, Sat before 1st Sun','11:00:00','16:00:00',1,15,NULL,NULL,_binary '\0\0\0\0\0\0\0\◊\‹\—ˇràW¿oÄô\Ô\‡B@'),(112,'Etowah Spring Singing','10b2fd3b-0d98-4b38-9d1f-d4f7701913e7','2026-02-05',NULL,'May, Sat before 1st Sun','10:00:00','15:00:00',5,NULL,NULL,NULL,_binary '\0\0\0\0\0\0\0*\∆˘õ•T¿¯O7P\‡ßA@'),(113,'Shady Grove (Keeton Cemetery)','10b2fd3b-0d98-4b38-9d1f-d4f7701913e7','2026-03-05',NULL,'May, 1st Sun','10:00:00','14:30:00',1,NULL,NULL,NULL,_binary '\0\0\0\0\0\0\0*\»\œFÆ\›U¿\Ê$îæ˙@@'),(114,'Eugene Forbes Memorial Singing','10b2fd3b-0d98-4b38-9d1f-d4f7701913e7','2026-03-05',NULL,'May, 1st Sun','09:30:00','15:00:00',1,NULL,NULL,NULL,_binary '\0\0\0\0\0\0\06l±\€xU¿\Ù¯ΩMû@@'),(115,'Christian Harmony with the Cherokee Language Repertory Choir','10b2fd3b-0d98-4b38-9d1f-d4f7701913e7','2026-03-05',NULL,'May, 1st Sun','14:00:00',NULL,6,NULL,NULL,NULL,_binary '\0\0\0\0\0\0\00.s\ÀT¿-\Œ®A@'),(116,'Middle Creek United Methodist Church Singing','10b2fd3b-0d98-4b38-9d1f-d4f7701913e7','2026-03-05',NULL,'May, 1st Sun',NULL,NULL,16,NULL,NULL,NULL,_binary '\0\0\0\0\0\0\0\˜ÆA_z\‚T¿.v˚¨2\ÈA@'),(117,'Shady Grove Baptist Church Singing','10b2fd3b-0d98-4b38-9d1f-d4f7701913e7','2026-03-05',NULL,'May, 1st Sun',NULL,NULL,1,NULL,NULL,NULL,_binary '\0\0\0\0\0\0\0/¶ô\Óu|U¿}¢LA@'),(118,'Heath Memorial','10b2fd3b-0d98-4b38-9d1f-d4f7701913e7','2026-03-05',NULL,'May, 1st Sun',NULL,NULL,9,NULL,NULL,NULL,_binary '\0\0\0\0\0\0\0p\ÓØ\˜cU¿8£\Ê´\‰w?@'),(119,'Boston All-Day Singing','10b2fd3b-0d98-4b38-9d1f-d4f7701913e7','2026-09-05',NULL,'May, Sat before 2nd Sun','10:00:00','15:00:00',1,NULL,NULL,NULL,_binary '\0\0\0\0\0\0\0n\‹b~n\«Q¿\Áp≠\ˆ∞\'E@'),(120,'Pumpkintown Shape Note Singing ','10b2fd3b-0d98-4b38-9d1f-d4f7701913e7','2026-09-05',NULL,'May, Sat before 2nd Sun','10:00:00','15:00:00',1,6,NULL,NULL,_binary '\0\0\0\0\0\0\0îΩ•ú/©T¿îLN\ÌA@'),(121,'Valdosta Sacred Harp All-Day Sing','10b2fd3b-0d98-4b38-9d1f-d4f7701913e7','2026-09-05',NULL,'May, Sat before 2nd Sun','09:15:00','14:00:00',9,NULL,NULL,NULL,_binary '\0\0\0\0\0\0\0\'JB\"m\“T¿0Ç\∆L¢\⁄>@'),(122,'Bristol Singing','10b2fd3b-0d98-4b38-9d1f-d4f7701913e7','2026-02-05',NULL,'May, 1st Sun &. Sat before',NULL,NULL,1,6,NULL,NULL,_binary '\0\0\0\0\0\0\0\Â\Ïù\—V%¿ªòf∫◊øI@'),(123,'Antioch Baptist Church','10b2fd3b-0d98-4b38-9d1f-d4f7701913e7','2026-09-05',NULL,'May, Sat before 2nd Sun',NULL,NULL,6,NULL,NULL,NULL,_binary '\0\0\0\0\0\0\0g\\˜ãŸøU¿P\‰I\“5y@@'),(124,'J.W. Bassett Memorial and¬†Stockholders Meeting','10b2fd3b-0d98-4b38-9d1f-d4f7701913e7','2026-09-05',NULL,'May, Sat before 2nd Sun',NULL,NULL,9,NULL,NULL,NULL,_binary '\0\0\0\0\0\0\0\…U,~SÑU¿0∫º9\\?@'),(125,'Memphis Singing','10b2fd3b-0d98-4b38-9d1f-d4f7701913e7','2026-09-05',NULL,'May, Sat before 2nd Sun','10:00:00','15:00:00',1,NULL,NULL,NULL,_binary '\0\0\0\0\0\0\0—ÆB\ OzV¿h\È\n∂ìA@'),(126,'Mid-Michigan Singing','10b2fd3b-0d98-4b38-9d1f-d4f7701913e7','2026-09-05',NULL,'May, Sat before 2nd Sun','09:30:00','15:00:00',1,NULL,NULL,NULL,_binary '\0\0\0\0\0\0\0¢\'eR\ZU¿2Àû6[E@'),(127,'Providence Singing','10b2fd3b-0d98-4b38-9d1f-d4f7701913e7','2025-05-17',NULL,'May, Sat before 3rd Sun','10:00:00','15:00:00',1,NULL,NULL,NULL,_binary '\0\0\0\0\0\0\0«É-v˚≥U¿≠¿ê’≠\"A@'),(128,'Tulsa All Day Singing','10b2fd3b-0d98-4b38-9d1f-d4f7701913e7','2025-05-17',NULL,'May, Sat before 3rd Sun','09:30:00','14:30:00',1,NULL,NULL,NULL,_binary '\0\0\0\0\0\0\0Nó\≈\ƒ\ÊˇW¿g{\ÙÜB@'),(129,'Kentucky State Sacred Harp Convention','10b2fd3b-0d98-4b38-9d1f-d4f7701913e7','2025-05-17',NULL,'May, Sat before 3rd Sun','10:00:00','15:00:00',1,20,NULL,NULL,_binary '\0\0\0\0\0\0\0\Zä;\ﬁ\‰)U¿t\»^\ÔC@'),(130,'Tallahassee Sacred Harp Convention','10b2fd3b-0d98-4b38-9d1f-d4f7701913e7','2025-05-17',NULL,'May, Sat before 3rd Sun','10:00:00','15:00:00',9,18,NULL,NULL,_binary '\0\0\0\0\0\0\0\Zo+Ω6\"U¿Åy»îm>@'),(131,'New York City Christian Harmony All-Day Singing','10b2fd3b-0d98-4b38-9d1f-d4f7701913e7','2025-05-17',NULL,'May, Sat before 3rd Sun','10:00:00','16:00:00',6,NULL,NULL,NULL,_binary '\0\0\0\0\0\0\0j/¢\ÌòR¿T9\Ì)9YD@'),(132,'Sheffield Christian Harmony Singing','10b2fd3b-0d98-4b38-9d1f-d4f7701913e7','2025-05-17',NULL,'May, Sat before 3rd Sun','10:30:00','15:30:00',6,NULL,NULL,NULL,_binary '\0\0\0\0\0\0\0¯änΩ¶G˘øDnÜ\≥J@'),(133,'Cane Creek Church Singing','10b2fd3b-0d98-4b38-9d1f-d4f7701913e7','2025-05-18',NULL,'May, 3rd Sun','09:30:00','15:00:00',1,NULL,NULL,NULL,_binary '\0\0\0\0\0\0\0X\«\ÒC•aU¿\⁄\»uS\ \◊@@'),(134,'Rocky Mount Homecoming/Hillabee Sacred Harp Convention','10b2fd3b-0d98-4b38-9d1f-d4f7701913e7','2025-05-18',NULL,'May, 3rd Sun','10:00:00','15:00:00',1,NULL,NULL,NULL,_binary '\0\0\0\0\0\0\0æN\Í\À\“jU¿˙_ÆEÇ@@'),(135,'Midwest Convention','10b2fd3b-0d98-4b38-9d1f-d4f7701913e7','2025-05-24',NULL,'May, 5th Sun in Apr or Last Sun in May','09:30:00','15:00:00',1,18,NULL,NULL,_binary '\0\0\0\0\0\0\0\Ó	\€\›\ÂU¿\0{\ˆ\ÊD@'),(136,'The Big Singing','10b2fd3b-0d98-4b38-9d1f-d4f7701913e7','2025-05-24',NULL,'May, 4th Sun &. Sat before','10:00:00','15:00:00',1,20,NULL,NULL,_binary '\0\0\0\0\0\0\0=\”KåeV¿êLáN\œmB@'),(137,'Sannox Singing','10b2fd3b-0d98-4b38-9d1f-d4f7701913e7','2025-05-24',NULL,'May, Sat before 4th Sun','10:30:00','15:30:00',1,NULL,NULL,NULL,_binary '\0\0\0\0\0\0\0\€˙\È?kû¿~Ωp\Á\‘K@'),(138,'Germany Sacred Harp Convention','10b2fd3b-0d98-4b38-9d1f-d4f7701913e7','2025-05-24',NULL,'May, 4th Sun &. Sat before','10:00:00','16:00:00',1,NULL,NULL,NULL,_binary '\0\0\0\0\0\0\0!u;˚∫!@8I\Û«¥äJ@'),(139,'Lowcountry Sacred Harp Society All-Day Singing','10b2fd3b-0d98-4b38-9d1f-d4f7701913e7','2025-05-24',NULL,'May, Sat before 4th Sun','09:30:00','15:00:00',1,NULL,NULL,NULL,_binary '\0\0\0\0\0\0\0Ø\Œ1 {˚S¿\“5ìo∂c@@'),(140,'Beda Church Singing','10b2fd3b-0d98-4b38-9d1f-d4f7701913e7','2025-05-25',NULL,'May, 4th Sun','10:00:00','15:00:00',9,NULL,NULL,NULL,_binary '\0\0\0\0\0\0\0àûîI•U¿⁄èëa\r?@'),(141,'Northeast Missouri Memorial Day Singing','10b2fd3b-0d98-4b38-9d1f-d4f7701913e7','2025-05-26',NULL,'May, Memorial Day','10:00:00','16:00:00',1,15,NULL,NULL,_binary '\0\0\0\0\0\0\0K\»=õ\“V¿@†3iSüC@'),(142,'Newcastle Singing','10b2fd3b-0d98-4b38-9d1f-d4f7701913e7','2025-05-31',NULL,'Jun, Sat &. Sun after Whitsun Bank Holiday','10:30:00','15:00:00',1,18,NULL,NULL,_binary '\0\0\0\0\0\0\0\»^\Ô˛xo˘øº≠\Ù\⁄lÄK@'),(143,'Franklin Singing','10b2fd3b-0d98-4b38-9d1f-d4f7701913e7','2025-05-31',NULL,'Jun, Sat before 1st Sun','10:00:00','15:00:00',16,NULL,NULL,NULL,_binary '\0\0\0\0\0\0\06◊Üä∏T¿Gí \\B@'),(144,'South Shore of Lake Superior All-Day Singing','10b2fd3b-0d98-4b38-9d1f-d4f7701913e7','2025-05-31',NULL,'Jun, Sat before 1st Sun','10:00:00','15:30:00',18,NULL,NULL,NULL,_binary '\0\0\0\0\0\0\0Aúáò\ÿV¿è7˘-:cG@'),(145,'Lamar and Pickens County Convention','10b2fd3b-0d98-4b38-9d1f-d4f7701913e7','2025-05-31',NULL,'Jun, Sat before 1st Sun','10:00:00','15:00:00',1,NULL,NULL,NULL,_binary '\0\0\0\0\0\0\0z\‚9[@¯U¿2\ËL∂@@'),(146,'Holly Springs Memorial Singing','10b2fd3b-0d98-4b38-9d1f-d4f7701913e7','2025-05-31',NULL,'Jun, Sat before 1st Sun','10:00:00','15:00:00',1,NULL,NULL,NULL,_binary '\0\0\0\0\0\0\0˝ŸèëIU¿\'3\ﬁVz\◊@@'),(147,'Shaker Meetinghouse and Francis Bliss Memorial Singing','10b2fd3b-0d98-4b38-9d1f-d4f7701913e7','2025-05-31',NULL,'Jun, Sat before 1st Sun',NULL,NULL,1,NULL,NULL,NULL,_binary '\0\0\0\0\0\0\0˚\Ê˛\ÍqóQ¿ªù}\ÂA˛E@'),(148,'Winchester Singing','10b2fd3b-0d98-4b38-9d1f-d4f7701913e7','2025-05-31',NULL,'Jun, Sat before 1st Sun','10:30:00','16:00:00',1,NULL,NULL,NULL,_binary '\0\0\0\0\0\0\0àÖZ”º#\ıøª,DáàI@'),(149,'Liberty Decoration Day Singing','10b2fd3b-0d98-4b38-9d1f-d4f7701913e7','2025-01-06',NULL,'Jun, 1st Sun','09:30:00','15:00:00',1,NULL,NULL,NULL,_binary '\0\0\0\0\0\0\0LqU\ŸwpU¿ííÜVSA@'),(150,'Shady Hill Homecoming Singing','10b2fd3b-0d98-4b38-9d1f-d4f7701913e7','2025-01-06',NULL,'Jun, 1st Sun',NULL,NULL,9,NULL,NULL,NULL,_binary '\0\0\0\0\0\0\04/á\›w¢U¿\ﬂ7æ\ˆ\Ã&?@'),(151,'Oslo Sacred Harp Singing','10b2fd3b-0d98-4b38-9d1f-d4f7701913e7','2025-07-06',NULL,'Jun, Sat before 1st Sun',NULL,NULL,1,NULL,NULL,NULL,_binary '\0\0\0\0\0\0\0\≈8\në%@±2\Z˘º\ÙM@'),(152,'Calvary-Fletcher Singing','10b2fd3b-0d98-4b38-9d1f-d4f7701913e7','2025-07-06',NULL,'Jun, Sat before 2nd Sun','10:00:00','15:00:00',5,NULL,NULL,NULL,_binary '\0\0\0\0\0\0\0µ4∑B†T¿\„Rï∂∏∏A@'),(153,'Northern Shenandoah Valley Double All-Day','10b2fd3b-0d98-4b38-9d1f-d4f7701913e7','2025-07-06',NULL,'Jun, 2nd Sun &. Sat Before','10:00:00','15:30:00',18,21,NULL,NULL,_binary '\0\0\0\0\0\0\0*ˇZ^π~S¿ _BáìC@'),(154,'Hopewell Homecoming','10b2fd3b-0d98-4b38-9d1f-d4f7701913e7','2025-07-06',NULL,'Jun, Sat before 2nd Sun','09:30:00','15:00:00',1,NULL,NULL,NULL,_binary '\0\0\0\0\0\0\0zãá\˜óU¿’ë#ùÅ˚@@'),(155,'Raymond Hamrick Memorial ','10b2fd3b-0d98-4b38-9d1f-d4f7701913e7','2025-07-06',NULL,'Jun, Sat before 2nd Sun','10:00:00','15:00:00',12,NULL,NULL,NULL,_binary '\0\0\0\0\0\0\0%W@°\0U¿\’\È@\÷[@@'),(156,'Albany Regional All-Day Singing','10b2fd3b-0d98-4b38-9d1f-d4f7701913e7','2025-07-06',NULL,'Jun, Sat before 2nd Sun','10:00:00','15:30:00',1,NULL,NULL,NULL,_binary '\0\0\0\0\0\0\0q©;cR¿1\ÌúfÅE@'),(157,'Alpharetta June Singing','10b2fd3b-0d98-4b38-9d1f-d4f7701913e7','2025-08-06',NULL,'Jun, 2nd Sun','10:00:00','15:00:00',1,NULL,NULL,NULL,_binary '\0\0\0\0\0\0\0\Ò\÷˘∑U¿éD¡å	A@'),(158,'Magic City All-Day Singing','10b2fd3b-0d98-4b38-9d1f-d4f7701913e7','2025-08-06',NULL,'Jun, 2nd Sun','09:30:00','15:00:00',1,NULL,NULL,NULL,_binary '\0\0\0\0\0\0\0\… w¶≥U¿ |(—íø@@'),(159,'Exeter All Day Singing','10b2fd3b-0d98-4b38-9d1f-d4f7701913e7','2025-06-14',NULL,'Jun, Sat before 3rd Sun','10:00:00','15:00:00',1,NULL,NULL,NULL,_binary '\0\0\0\0\0\0\0í\"ã4\ÚR¿\Ë£\Á(D@'),(160,'Shiloh June Singing','10b2fd3b-0d98-4b38-9d1f-d4f7701913e7','2025-06-14',NULL,'Jun, 2nd Sat','10:00:00','14:00:00',6,NULL,NULL,NULL,_binary '\0\0\0\0\0\0\0ùü\‚8\\ÿU¿]ä´ æÅ@@'),(161,'Newton Highlands Singing','10b2fd3b-0d98-4b38-9d1f-d4f7701913e7','2025-06-14',NULL,'Jun, Sat before 3rd Sun','13:00:00','17:30:00',6,NULL,NULL,NULL,_binary '\0\0\0\0\0\0\0E∫üS\ÕQ¿\Ë\˜˝õ)E@'),(162,'Blue Ridge Primitive Baptist Church Singing','10b2fd3b-0d98-4b38-9d1f-d4f7701913e7','2025-06-14',NULL,'Jun, Sat before 3rd Sun','10:30:00','15:00:00',6,NULL,NULL,NULL,_binary '\0\0\0\0\0\0\0§\ﬁS9\Ì0U¿\¿\0¬ádA@'),(163,'Moore, Graves, and Calvert Memorial','10b2fd3b-0d98-4b38-9d1f-d4f7701913e7','2025-06-14',NULL,'Jun, Sat before 3rd Sun','09:30:00','15:00:00',1,NULL,NULL,NULL,_binary '\0\0\0\0\0\0\0CBï¿U¿cò¥\…˝@@'),(164,'Macedonia Primitive Baptist Church Singing','10b2fd3b-0d98-4b38-9d1f-d4f7701913e7','2025-06-15',NULL,'Jun, 3rd Sun','10:00:00','15:00:00',1,NULL,NULL,NULL,_binary '\0\0\0\0\0\0\0ør\ﬁˇU¿w/\˜\…QBA@'),(165,'Zion Hill Memorial','10b2fd3b-0d98-4b38-9d1f-d4f7701913e7','2025-06-15',NULL,'Jun, 3rd Sun','10:00:00','15:00:00',9,NULL,NULL,NULL,_binary '\0\0\0\0\0\0\0:˘\Ÿ»´W¿•h\Â^`@@'),(166,'Hopewell Primitive Baptist Church Singing','10b2fd3b-0d98-4b38-9d1f-d4f7701913e7','2025-06-15',NULL,'Jun, 3rd Sun','10:00:00','15:00:00',1,NULL,NULL,NULL,_binary '\0\0\0\0\0\0\0ú\‹\ÔPNU¿pòhêÇ≥@@'),(167,'Pleasant Home Baptist Church Singing','10b2fd3b-0d98-4b38-9d1f-d4f7701913e7','2025-06-15',NULL,'Jun, 3rd Sun','09:30:00','15:00:00',9,NULL,NULL,NULL,_binary '\0\0\0\0\0\0\0˙¥ä˛–¶U¿pñí\Â(?@'),(168,'Clifford Wakefield Memorial','10b2fd3b-0d98-4b38-9d1f-d4f7701913e7','2025-06-15',NULL,'Jun, 3rd Sun',NULL,NULL,1,NULL,NULL,NULL,_binary '\0\0\0\0\0\0\0î\Ì*§\‰U¿)H4\rA@'),(169,'Oxford All-Day Singing','10b2fd3b-0d98-4b38-9d1f-d4f7701913e7','2025-06-21',NULL,'Jun, Sat before 4th Sun','10:30:00','16:00:00',1,NULL,NULL,NULL,_binary '\0\0\0\0\0\0\0§q®ﬂÖ≠\Ùø\ƒ^(`;\‡I@'),(170,'Newton County Christian Harmony Convention','10b2fd3b-0d98-4b38-9d1f-d4f7701913e7','2025-06-21',NULL,'Jun, Sat before 4th Sun','09:30:00','15:00:00',6,NULL,NULL,NULL,_binary '\0\0\0\0\0\0\0—±ÉJ\\LV¿\‘($ô\’3@@'),(171,'Kermit and Steve Adams Memorial','10b2fd3b-0d98-4b38-9d1f-d4f7701913e7','2025-06-21',NULL,'Jun, Sat before 4th Sun',NULL,NULL,1,NULL,NULL,NULL,_binary '\0\0\0\0\0\0\0®(\N\€U¿˝/◊¢A@'),(172,'Caney Creek Singing','10b2fd3b-0d98-4b38-9d1f-d4f7701913e7','2025-06-22',NULL,'Jun, 4th Sun',NULL,NULL,16,NULL,NULL,NULL,_binary '\0\0\0\0\0\0\0§o\“4(\„T¿b\ıG\‡A@'),(173,'Mt. Lebanon Baptist Church Singing','10b2fd3b-0d98-4b38-9d1f-d4f7701913e7','2025-06-22',NULL,'Jun, 4th Sun','09:30:00','15:00:00',1,NULL,NULL,NULL,_binary '\0\0\0\0\0\0\0\÷\‰)´\È¯U¿1#º=\„@@'),(174,'New Hope Church Singing','10b2fd3b-0d98-4b38-9d1f-d4f7701913e7','2025-06-22',NULL,'Jun, 4th Sun',NULL,NULL,1,NULL,NULL,NULL,_binary '\0\0\0\0\0\0\0\\\„3\Ÿ?\ƒU¿\«JÃ≥íA@'),(175,'Quilcene All Day Singing','10b2fd3b-0d98-4b38-9d1f-d4f7701913e7','2025-06-28',NULL,'Jun, Last Saturday','10:00:00','15:30:00',1,NULL,NULL,NULL,_binary '\0\0\0\0\0\0\0\ŒR≤úU¿pµN\\éA@'),(176,'Union Musical Sacred Harp Convention','10b2fd3b-0d98-4b38-9d1f-d4f7701913e7','2025-06-28',NULL,'Jun, 5th Sun &. Sat before','10:00:00','15:00:00',1,NULL,NULL,NULL,_binary '\0\0\0\0\0\0\0#§ng_U¿óé9\œ\ˆ@@'),(177,'Singing in the Poconos','10b2fd3b-0d98-4b38-9d1f-d4f7701913e7','2025-06-28',NULL,'Jun, Sat before 5th Sun','10:00:00','15:30:00',18,6,NULL,NULL,_binary '\0\0\0\0\0\0\0õs\Ù\–R¿u\»\ÕpéD@'),(178,'Bethlehem PBC 5th Sunday Singing','10b2fd3b-0d98-4b38-9d1f-d4f7701913e7','2025-06-29',NULL,'Jun, Every 5th Sunday',NULL,NULL,9,NULL,NULL,NULL,_binary '\0\0\0\0\0\0\0™õãø\ÌÉT¿wŸØ;›π;@'),(179,'Independence Day Singing','10b2fd3b-0d98-4b38-9d1f-d4f7701913e7','2025-06-30',NULL,'Jul, 1st Mon of Camp','10:00:00','15:00:00',1,NULL,NULL,NULL,_binary '\0\0\0\0\0\0\0\ÈH.ˇ!yU¿xz•,C\Ë@@'),(180,'Camp FaSoLa','10b2fd3b-0d98-4b38-9d1f-d4f7701913e7','2025-06-30',NULL,'Jul, Mon-Fri 1st Week',NULL,NULL,1,NULL,NULL,NULL,_binary '\0\0\0\0\0\0\0Rf`pU¿≠2SZ\”@@'),(181,'Lewes Sacred Harp Singing Day','10b2fd3b-0d98-4b38-9d1f-d4f7701913e7','2025-05-07',NULL,'Jul, Sat before 1st Sun','10:00:00','15:00:00',1,NULL,NULL,NULL,_binary '\0\0\0\0\0\0\0 ∑_>Y1|?Wˇ[\…pI@'),(182,'Dublin All-Day Sacred Harp Singing','10b2fd3b-0d98-4b38-9d1f-d4f7701913e7','2025-05-07',NULL,'Jul, Sat before 1st Sun','10:00:00','16:00:00',1,NULL,NULL,NULL,_binary '\0\0\0\0\0\0\0ª\’s\“˚¿˝LΩn¨J@'),(183,'Pioneer Valley All-Day Singing','10b2fd3b-0d98-4b38-9d1f-d4f7701913e7','2025-05-07',NULL,'Jul, Sat before 1st Sun','10:00:00','16:00:00',1,NULL,NULL,NULL,_binary '\0\0\0\0\0\0\0ï\Ù0¥:$R¿\»~Kë<E@'),(184,'Henagar-Union Convention','10b2fd3b-0d98-4b38-9d1f-d4f7701913e7','2025-05-07',NULL,'Jul, 1st Sun &. Sat before','09:30:00','14:30:00',1,NULL,NULL,NULL,_binary '\0\0\0\0\0\0\0öB\Á5vpU¿ííÜVSA@'),(185,'Victorian All-Day Singing','10b2fd3b-0d98-4b38-9d1f-d4f7701913e7','2025-06-21',NULL,'Jun, Sat before 4th Sun','09:30:00','16:00:00',1,NULL,NULL,NULL,_binary '\0\0\0\0\0\0\0Nôõo\ƒb@hA(\Ô\„\‚B¿'),(186,'John Campbell Folk School Singing','10b2fd3b-0d98-4b38-9d1f-d4f7701913e7','2025-12-07',NULL,'Jul, Sat before 2nd Sun','10:00:00','15:00:00',1,6,NULL,NULL,_binary '\0\0\0\0\0\0\02;ãﬁ©˝T¿\Ï\’[ÖA@'),(187,'Cullman County Singing Convention','10b2fd3b-0d98-4b38-9d1f-d4f7701913e7','2025-12-07',NULL,'Jul, 2nd Sun &. Sat before','09:30:00','15:00:00',1,NULL,NULL,NULL,_binary '\0\0\0\0\0\0\0.\≈UeﬂµU¿òáL˘A@'),(188,'Ozias Sacred Harp Singing','10b2fd3b-0d98-4b38-9d1f-d4f7701913e7','2025-12-07',NULL,'Jul, Sat before 2nd Sun','09:30:00','15:00:00',1,NULL,NULL,NULL,_binary '\0\0\0\0\0\0\0›ó3\€U¿\ÈG\√)s\≈@@'),(189,'Retherford Memorial','10b2fd3b-0d98-4b38-9d1f-d4f7701913e7','2025-12-07',NULL,'Jul, Sat before 2nd Sun',NULL,NULL,9,NULL,NULL,NULL,_binary '\0\0\0\0\0\0\0\·ŒÖë^oU¿lï`q8\Ô>@'),(190,'Scotland Singing','10b2fd3b-0d98-4b38-9d1f-d4f7701913e7','2025-12-07',NULL,'Jul, Sat before 2nd Sun','10:30:00','16:00:00',1,NULL,NULL,NULL,_binary '\0\0\0\0\0\0\0k∂\Úíˇ\…	¿Ö$≥zá\˜K@'),(191,'Minnesota Double All-Day Singing','10b2fd3b-0d98-4b38-9d1f-d4f7701913e7','2025-12-07',NULL,'Jul, 2nd Sun &. Sat before','09:00:00','15:00:00',18,21,NULL,NULL,_binary '\0\0\0\0\0\0\0¢≤aHW¿1\”\ˆØ¨xF@'),(192,'Montreal All-Day Singing','10b2fd3b-0d98-4b38-9d1f-d4f7701913e7','2025-12-07',NULL,'Jul, Sat before 2nd Sun','09:00:00','15:00:00',1,NULL,NULL,NULL,_binary '\0\0\0\0\0\0\0±3Ö\ŒdR¿ñw\’\ÊΩF@'),(193,'Eastern Townships Sacred Harp All-Day Singing','10b2fd3b-0d98-4b38-9d1f-d4f7701913e7','2025-07-13',NULL,'Jul, 2nd Sun','10:00:00','15:30:00',1,NULL,NULL,NULL,_binary '\0\0\0\0\0\0\0vR_ñv˛Q¿vn⁄å”åF@'),(194,'Capital City Shape Note Singing','10b2fd3b-0d98-4b38-9d1f-d4f7701913e7','2025-07-17',NULL,'Jul, 3rd Thur','09:30:00','15:00:00',1,9,NULL,NULL,_binary '\0\0\0\0\0\0\0Q1\ŒﬂÑìU¿	äc\Ó0@@'),(195,'Gwehelog Singing Weekend','10b2fd3b-0d98-4b38-9d1f-d4f7701913e7','2025-07-19',NULL,'Jul, 3rd Sun &. Sat before','10:30:00','15:00:00',1,6,NULL,NULL,_binary '\0\0\0\0\0\0\0\Z£Æ¿xcAaP\ﬁI@'),(196,'Michiana Singing','10b2fd3b-0d98-4b38-9d1f-d4f7701913e7','2025-07-19',NULL,'Jul, Sat before 3rd Sun','09:30:00','15:00:00',1,NULL,NULL,NULL,_binary '\0\0\0\0\0\0\00\÷70πtU¿V∏\Â#)\…D@'),(197,'Rocky Mountain Convention','10b2fd3b-0d98-4b38-9d1f-d4f7701913e7','2025-07-19',NULL,'Jul, Sat before 3rd Sun','09:30:00','16:00:00',1,NULL,NULL,NULL,_binary '\0\0\0\0\0\0\0\Ò\§ÖBZ¿\€LÖx$\ÍC@'),(198,'Walker County Convention','10b2fd3b-0d98-4b38-9d1f-d4f7701913e7','2025-07-19',NULL,'Jul, Sat before 3rd Sun','10:00:00','15:00:00',1,NULL,NULL,NULL,_binary '\0\0\0\0\0\0\0˝°ô\'\◊\—U¿Së\nc\Î@@'),(199,'Jeremiah Ingalls Annual Singing','10b2fd3b-0d98-4b38-9d1f-d4f7701913e7','2025-07-19',NULL,'Jul, Sat before 3rd Sun','10:00:00','15:00:00',1,2,NULL,NULL,_binary '\0\0\0\0\0\0\03k) \ÌR¿∏[ív\rF@'),(200,'Kalamazoo Singing','10b2fd3b-0d98-4b38-9d1f-d4f7701913e7','2025-07-20',NULL,'Jul, 3rd Sun','09:30:00','15:00:00',1,NULL,NULL,NULL,_binary '\0\0\0\0\0\0\0|+\‘iU¿éÆ\“\›u&E@'),(201,'Chafin, Harbinson, Hollis Memorial Singing','10b2fd3b-0d98-4b38-9d1f-d4f7701913e7','2025-07-20',NULL,'Jul, 3rd Sun','09:30:00','15:00:00',1,NULL,NULL,NULL,_binary '\0\0\0\0\0\0\0˙\n“åEªU¿Aúá˛@@'),(202,'Little Greenbrier Schoolhouse','10b2fd3b-0d98-4b38-9d1f-d4f7701913e7','2025-07-20',NULL,'Jul, 3rd Sun',NULL,NULL,16,NULL,NULL,NULL,_binary '\0\0\0\0\0\0\0^f\ÿ(\Î\ËT¿)œºv\◊A@'),(203,'Camp DoReMi Europe','10b2fd3b-0d98-4b38-9d1f-d4f7701913e7','2025-07-24',NULL,'Jul, 4th Sun and Thur-Sat before',NULL,NULL,6,16,NULL,NULL,_binary '\0\0\0\0\0\0\0\≈ ∞rh\Ó?\ \‡(yu\ﬁI@'),(204,'Maine Singing Weekend','10b2fd3b-0d98-4b38-9d1f-d4f7701913e7','2025-07-25',NULL,'Jul, 4th Sun &. Fri/Sat before',NULL,NULL,1,9,NULL,NULL,_binary '\0\0\0\0\0\0\0ß\œ∏Æ}Q¿Äπ-@\˜E@'),(205,'Swannanoa Shape Note Singing','10b2fd3b-0d98-4b38-9d1f-d4f7701913e7','2025-07-26',NULL,'Jul, Varies','10:00:00','15:00:00',1,6,NULL,NULL,_binary '\0\0\0\0\0\0\0I-îLNúT¿\ﬁs`9\ŒA@'),(206,'Cotaco Convention','10b2fd3b-0d98-4b38-9d1f-d4f7701913e7','2025-07-26',NULL,'Jul, Sat before 4th Sun','10:00:00','14:30:00',1,NULL,NULL,NULL,_binary '\0\0\0\0\0\0\040\Ú≤&´U¿t_\ŒlW*A@'),(207,'Covington County Convention','10b2fd3b-0d98-4b38-9d1f-d4f7701913e7','2025-07-26',NULL,'Jul, Sat before 4th Sun','10:00:00','15:00:00',9,NULL,NULL,NULL,_binary '\0\0\0\0\0\0\0¸rfªBèU¿<p\œ\ÛK?@'),(208,'Bibb County Christian Harmony Singing Convention','10b2fd3b-0d98-4b38-9d1f-d4f7701913e7','2025-07-26',NULL,'Jul, 4th Sun','10:00:00','15:00:00',6,NULL,NULL,NULL,_binary '\0\0\0\0\0\0\0Ω\„\…\ÃU¿\‘\ÒòÅ\ ~@@'),(209,'Mt. Zion Memorial','10b2fd3b-0d98-4b38-9d1f-d4f7701913e7','2025-07-27',NULL,'Jul, 4th Sun','10:00:00','15:00:00',1,NULL,NULL,NULL,_binary '\0\0\0\0\0\0\0\…<\˜KU¿\Û\“o_\—@@'),(210,'Mobile Sacred Harp All-Day Singing','10b2fd3b-0d98-4b38-9d1f-d4f7701913e7','2025-02-08',NULL,'Aug, Sat before 1st Sun','09:30:00','14:30:00',1,9,NULL,NULL,_binary '\0\0\0\0\0\0\0BìƒírV¿RπâZöØ>@'),(211,'Chattahoochee Musical Convention','10b2fd3b-0d98-4b38-9d1f-d4f7701913e7','2025-02-08',NULL,'Aug, 1st Sun &. Sat before','09:30:00','15:00:00',1,NULL,NULL,NULL,_binary '\0\0\0\0\0\0\0Ê≠∫\’=U¿\‡ÄJ\«@@'),(212,'Lunsford and Jolly Memorial','10b2fd3b-0d98-4b38-9d1f-d4f7701913e7','2025-02-08',NULL,'Aug, Sat before 1st Sun',NULL,NULL,1,NULL,NULL,NULL,_binary '\0\0\0\0\0\0\0é\Ã#0P]¿X·ñè§f@@'),(213,'Bulger-Cockcroft Memorial','10b2fd3b-0d98-4b38-9d1f-d4f7701913e7','2025-03-08',NULL,'Aug, 1st Sun',NULL,NULL,9,NULL,NULL,NULL,_binary '\0\0\0\0\0\0\0\ƒ&2sÅùU¿\Ùå}\…\∆#?@'),(214,'Ann Sleeva Memorial Cooper Book Singing','10b2fd3b-0d98-4b38-9d1f-d4f7701913e7','2025-09-08',NULL,'Aug, Sat before 2nd Sun','09:30:00','15:00:00',9,NULL,NULL,NULL,_binary '\0\0\0\0\0\0\0¬à}(\ÊU¿]®¸ky\ÂD@'),(215,'Rhode Island All-Day Christian Harmony Singing','10b2fd3b-0d98-4b38-9d1f-d4f7701913e7','2025-09-08',NULL,'Aug, Sat before 2nd Sun','10:00:00','15:00:00',4,NULL,NULL,NULL,_binary '\0\0\0\0\0\0\0~bº\⁄Q¿P\·R\ÛD@'),(216,'Calhoun County Convention','10b2fd3b-0d98-4b38-9d1f-d4f7701913e7','2025-09-08',NULL,'Aug, Sat before 2nd Sun','10:00:00','15:00:00',1,14,NULL,NULL,_binary '\0\0\0\0\0\0\0\\ëò†ÜNV¿l#\ˆ\Ò@@'),(217,'East Texas Sacred Harp Convention','10b2fd3b-0d98-4b38-9d1f-d4f7701913e7','2025-09-08',NULL,'Aug, 2nd Sun &. Sat before','09:30:00','15:00:00',9,NULL,NULL,NULL,_binary '\0\0\0\0\0\0\0Z.ù\Û≥W¿ÖBB@@'),(218,'B.M. Smith &. Philip Denney Memorial Singing','10b2fd3b-0d98-4b38-9d1f-d4f7701913e7','2025-08-16',NULL,'Aug, Sat before 3rd Sun','10:00:00','15:00:00',1,NULL,NULL,NULL,_binary '\0\0\0\0\0\0\0sº—ìEU¿y@Ÿî+\¬@@'),(219,'Mt Rainier and Willard Birthday Singings','10b2fd3b-0d98-4b38-9d1f-d4f7701913e7','2025-08-16',NULL,'Aug, 3rd Sun &. Sat before',NULL,NULL,9,NULL,NULL,NULL,_binary '\0\0\0\0\0\0\0´\Í\Âw^¿\◊3\¬€ôG@'),(220,'Berlin Singing Weekend','10b2fd3b-0d98-4b38-9d1f-d4f7701913e7','2025-08-16',NULL,'Aug, 3rd Sun &. Sat before',NULL,NULL,1,18,NULL,NULL,_binary '\0\0\0\0\0\0\0õí¨\√\—\Â*@ù,µ\ﬁoBJ@'),(221,'Ramah Church Singing','10b2fd3b-0d98-4b38-9d1f-d4f7701913e7','2025-08-16',NULL,'Aug, Sat before 3rd Sun','10:00:00','15:00:00',9,NULL,NULL,NULL,_binary '\0\0\0\0\0\0\0µãi¶{\ÀU¿\ÈåºT?@'),(222,'Cades Cove Primitive Baptist Church','10b2fd3b-0d98-4b38-9d1f-d4f7701913e7','2025-08-17',NULL,'Aug, 3rd Sun',NULL,NULL,16,NULL,NULL,NULL,_binary '\0\0\0\0\0\0\0¡\Ê<\ÙT¿∑\Ó\Ê©\ÕA@'),(223,'Emma Beasley, Belton Beasley, and Phillip Lee III Memorial','10b2fd3b-0d98-4b38-9d1f-d4f7701913e7','2025-08-17',NULL,'Aug, 3rd Sun',NULL,NULL,1,NULL,NULL,NULL,_binary '\0\0\0\0\0\0\0˙ö\Â≤\—\ÚU¿=)ì\Z\⁄¯@@'),(224,'Mt. Pisgah/Cedar Creek Singing','10b2fd3b-0d98-4b38-9d1f-d4f7701913e7','2025-08-17',NULL,'Aug, 3rd Sun','10:00:00','15:00:00',1,NULL,NULL,NULL,_binary '\0\0\0\0\0\0\0MÑ\rO¯T¿\–\f\r\ﬁk?@'),(225,'Central Ontario Convention','10b2fd3b-0d98-4b38-9d1f-d4f7701913e7','2025-08-22',NULL,'Aug, 4th Sun &. Fri/Sat before','10:00:00','15:30:00',1,18,NULL,NULL,_binary '\0\0\0\0\0\0\0)\Ï¢\ËÅ\ŸS¿6Ü\Â\œ\’E@'),(226,'Enon Singing','10b2fd3b-0d98-4b38-9d1f-d4f7701913e7','2025-08-23',NULL,'Aug, Sat before 4th Sun','10:00:00','15:00:00',9,NULL,NULL,NULL,_binary '\0\0\0\0\0\0\0\\>ííôU¿å\ \¬\◊+?@'),(227,'Cocoa Beach All-Day Singing','10b2fd3b-0d98-4b38-9d1f-d4f7701913e7','2025-08-23',NULL,'Aug, Sat before 4th Sun','09:30:00','15:00:00',1,NULL,NULL,NULL,_binary '\0\0\0\0\0\0\0\\>ííôU¿å\ \¬\◊+?@'),(228,'Lookout Mountain Convention','10b2fd3b-0d98-4b38-9d1f-d4f7701913e7','2025-08-23',NULL,'Aug, 4th Sun &. Sat before','09:30:00','15:00:00',1,NULL,NULL,NULL,_binary '\0\0\0\0\0\0\0¨\Ê9\"\ﬂvU¿´\œ\’V\ÏA@'),(229,'Mississippi State Convention','10b2fd3b-0d98-4b38-9d1f-d4f7701913e7','2025-08-23',NULL,'Aug, 4th Sun &. Sat before','10:00:00','15:00:00',1,9,NULL,NULL,_binary '\0\0\0\0\0\0\0\ËN∞ˇ:[V¿eT\∆\›:@@'),(230,'Palo Alto Singing, Marian Bush Memorial','10b2fd3b-0d98-4b38-9d1f-d4f7701913e7','2025-08-23',NULL,'Aug, 4th Sun &. Sat before','10:00:00','15:30:00',1,NULL,NULL,NULL,_binary '\0\0\0\0\0\0\0¨\‰.á^¿ﬁí∞´µB@'),(231,'Floyd County All-Day Singing','10b2fd3b-0d98-4b38-9d1f-d4f7701913e7','2025-08-23',NULL,'Aug, Sat before 4th Sun','10:00:00','15:30:00',1,18,NULL,NULL,_binary '\0\0\0\0\0\0\0ùIõT¿3PˇÇB@'),(232,'Cork Singing','10b2fd3b-0d98-4b38-9d1f-d4f7701913e7','2025-08-23',NULL,'Aug, 4th Sun &. Sat before','10:00:00','16:30:00',1,9,NULL,NULL,_binary '\0\0\0\0\0\0\08\‹GnM\ˆ ¿†¸\›;j\ÚI@'),(233,'Tickanetly Primitive Baptist Church Singing','10b2fd3b-0d98-4b38-9d1f-d4f7701913e7','2025-08-24',NULL,'Aug, 4th Sun','10:00:00','15:00:00',6,NULL,NULL,NULL,_binary '\0\0\0\0\0\0\0O=\“\‡∂U¿\0«û=óSA@'),(234,'Maidencreek All-Day Singing','10b2fd3b-0d98-4b38-9d1f-d4f7701913e7','2025-08-30',NULL,'Sep, Sat before Labor Day','10:00:00','15:30:00',1,NULL,NULL,NULL,_binary '\0\0\0\0\0\0\0\Âó¡ë˚R¿]©gA(;D@'),(235,'Young Peoplenulls Singing','10b2fd3b-0d98-4b38-9d1f-d4f7701913e7','2025-08-30',NULL,'Aug, 5th Sun after July 4th and Sat before','09:30:00','15:00:00',1,6,NULL,NULL,_binary '\0\0\0\0\0\0\0EçΩõ\Zè]¿\«L4l°˛@@'),(236,'Southwest Texas Convention, Fall Session','10b2fd3b-0d98-4b38-9d1f-d4f7701913e7','2025-08-30',NULL,'Aug, 1st Sun &. Sat Before','09:30:00','15:00:00',9,NULL,NULL,NULL,_binary '\0\0\0\0\0\0\0\Ùå}\…\∆gX¿Oyt#,\÷>@'),(237,'Fox Valley Folk Festival Singing','10b2fd3b-0d98-4b38-9d1f-d4f7701913e7','2025-08-31',NULL,'Sep, Sun before Labor Day',NULL,NULL,1,NULL,NULL,NULL,_binary '\0\0\0\0\0\0\0MÇ7§QV¿˘.•.\ÒD@'),(238,'Bethlehem PBC 5th Sunday Singing','10b2fd3b-0d98-4b38-9d1f-d4f7701913e7','2025-08-31',NULL,'Aug, Every 5th Sunday',NULL,NULL,9,NULL,NULL,NULL,_binary '\0\0\0\0\0\0\0¯l\ÏÉT¿wŸØ;›π;@'),(239,'Lacy Memorial Singing','10b2fd3b-0d98-4b38-9d1f-d4f7701913e7','2025-08-31',NULL,'Aug, First 5th Sun after July 4th','09:30:00','15:00:00',1,NULL,NULL,NULL,_binary '\0\0\0\0\0\0\0}^\Ò\‘#kU¿¥\Á25	ZA@'),(240,'Shoal Creek Labor Day Singing and Cleburne County Singing','10b2fd3b-0d98-4b38-9d1f-d4f7701913e7','2025-01-09',NULL,'Sep, Labor Day','09:30:00','15:00:00',1,NULL,NULL,NULL,_binary '\0\0\0\0\0\0\0v?T\ZdU¿L˝º©H\„@@'),(241,'Etowah Fall Singing','10b2fd3b-0d98-4b38-9d1f-d4f7701913e7','2025-06-09',NULL,'Sep, Sat before 1st Sun',NULL,NULL,5,NULL,NULL,NULL,_binary '\0\0\0\0\0\0\0é\Î\ﬂ\ıô•T¿G!…¨ﬁßA@'),(242,'Mulberry River Convention','10b2fd3b-0d98-4b38-9d1f-d4f7701913e7','2025-06-09',NULL,'Sep, Sat before 1st Sun','09:30:00','15:00:00',1,NULL,NULL,NULL,_binary '\0\0\0\0\0\0\0\≈7>[ªU¿\\›zM\Á@@'),(243,'Central Louisiana All-Day Singing','10b2fd3b-0d98-4b38-9d1f-d4f7701913e7','2025-06-09',NULL,'Sep, Sat before 1st Sun',NULL,NULL,1,9,NULL,NULL,_binary '\0\0\0\0\0\0\0à\⁄6åÇPW¿\"3∏<*@@'),(244,'Georgian Harmony Singing','10b2fd3b-0d98-4b38-9d1f-d4f7701913e7','2025-06-09',NULL,'Sep, Sat before 1st Sun','10:00:00','15:00:00',12,NULL,NULL,NULL,_binary '\0\0\0\0\0\0\0s\ŸËúü\0U¿\’\È@\÷[@@'),(245,'Cape Meares All-Day Singing','10b2fd3b-0d98-4b38-9d1f-d4f7701913e7','2025-06-09',NULL,'Sep, Sat after Labor Day','09:30:00','15:00:00',1,NULL,NULL,NULL,_binary '\0\0\0\0\0\0\0\À\ÙK\ƒ[˝^¿±£q®ﬂøF@'),(246,'Bob Meek Memorial','10b2fd3b-0d98-4b38-9d1f-d4f7701913e7','2025-04-10',NULL,'Oct, 1st Sun &. Sat before','10:00:00','15:00:00',1,NULL,NULL,NULL,_binary '\0\0\0\0\0\0\0â(&oÄ`U¿	R)v4.C@'),(247,'Greenville-Pioneer Day Singing','10b2fd3b-0d98-4b38-9d1f-d4f7701913e7','2025-08-30',NULL,'Aug, Sat before 5th Sun','10:00:00','15:00:00',1,NULL,NULL,NULL,_binary '\0\0\0\0\0\0\0C\≈8êT¿	PS\À\÷ZA@'),(248,'United Sacred Harp Musical Association Convention, Sacred Harp Revision Release','10b2fd3b-0d98-4b38-9d1f-d4f7701913e7','2025-09-13',NULL,'Sep, 2nd Sun &. Sat before','09:30:00','15:00:00',11,NULL,NULL,NULL,_binary '\0\0\0\0\0\0\0X\ÁêΩ\ZU¿enæ\›\„@@'),(249,'Nall and Floyd Memorial','10b2fd3b-0d98-4b38-9d1f-d4f7701913e7','2025-09-13',NULL,'Sep, Sat before 2nd Sun',NULL,NULL,9,NULL,NULL,NULL,_binary '\0\0\0\0\0\0\0©eo)\ÿU¿d\Ã]K»∑>@'),(250,'Old Folks Day Singing ','10b2fd3b-0d98-4b38-9d1f-d4f7701913e7','2025-09-14',NULL,'Sep, 2nd Sun',NULL,NULL,5,NULL,NULL,NULL,_binary '\0\0\0\0\0\0\0\rpA∂,¥T¿¥9\Œm\¬¡A@'),(251,'Hale County Christian Harmony Convention','10b2fd3b-0d98-4b38-9d1f-d4f7701913e7','2025-09-14',NULL,'Sep, 2nd Sun','10:00:00','15:00:00',6,NULL,NULL,NULL,_binary '\0\0\0\0\0\0\0S≥ZÅ\‡U¿\‘~k\'v@@'),(252,'Camp DoReMi','10b2fd3b-0d98-4b38-9d1f-d4f7701913e7','2025-08-21',NULL,'Aug, Varies',NULL,NULL,6,16,NULL,NULL,_binary '\0\0\0\0\0\0\0û≥Ñ÷ÜT¿oûÍêõ\ÈA@'),(253,'United Kingdom Sacred Harp Convention','10b2fd3b-0d98-4b38-9d1f-d4f7701913e7','2025-09-20',NULL,'Sep, 3rd Sun &. Sat before','10:00:00','16:00:00',11,NULL,NULL,NULL,_binary '\0\0\0\0\0\0\0 C\«*1˘ø€Ö\Ê:çpK@'),(254,'Lee Rogers Memorial Singing','10b2fd3b-0d98-4b38-9d1f-d4f7701913e7','2025-09-20',NULL,'Sep, Sat before 3rd Sun','10:00:00','15:00:00',6,NULL,NULL,NULL,_binary '\0\0\0\0\0\0\0≠Q\—\Ë\ÕT¿z∆æd\„\Û@@'),(255,'New York City All-Day Singing','10b2fd3b-0d98-4b38-9d1f-d4f7701913e7','2025-09-20',NULL,'Sep, Sat before 3rd Sun','09:30:00','15:00:00',1,NULL,NULL,NULL,_binary '\0\0\0\0\0\0\0æ¡&SR¿\…!\‚\ÊTXD@'),(256,'Middle Creek Convention','10b2fd3b-0d98-4b38-9d1f-d4f7701913e7','2025-09-20',NULL,'Sep, Sat before 3rd Sun',NULL,NULL,9,NULL,NULL,NULL,_binary '\0\0\0\0\0\0\0ZKiˇgU¿≠mä\«Eu?@'),(257,'Illinois State Convention','10b2fd3b-0d98-4b38-9d1f-d4f7701913e7','2025-09-20',NULL,'Sep, Sat before 3rd Sun','09:30:00','15:00:00',1,15,NULL,NULL,_binary '\0\0\0\0\0\0\0G´Z\“Q?V¿ìƒír\˜D@'),(258,'William J Futral Memorial Singing','10b2fd3b-0d98-4b38-9d1f-d4f7701913e7','2025-09-21',NULL,'Sep, 3rd Sun','10:00:00','15:00:00',1,NULL,NULL,NULL,_binary '\0\0\0\0\0\0\0û&3\ﬁVÅU¿Î´´µÜ@@'),(259,'B.F. White Memorial Sacred Harp Singing','10b2fd3b-0d98-4b38-9d1f-d4f7701913e7','2025-09-21',NULL,'Sep, 3rd Sun','10:00:00','15:00:00',14,NULL,NULL,NULL,_binary '\0\0\0\0\0\0\0ß\ƒ$\\U¿\Õ\‰õmn\ﬁ@@'),(260,'Wears Valley Convention','10b2fd3b-0d98-4b38-9d1f-d4f7701913e7','2025-09-27',NULL,'Sep, 4th Sun &. Sat before','10:00:00','15:00:00',16,NULL,NULL,NULL,_binary '\0\0\0\0\0\0\0≥“§t\ÎT¿,ú§\ŸA@'),(261,'Alabama State Christian Harmony Convention','10b2fd3b-0d98-4b38-9d1f-d4f7701913e7','2025-09-27',NULL,'Sep, 4th Sun &. Sat before','09:30:00','14:30:00',6,NULL,NULL,NULL,_binary '\0\0\0\0\0\0\0˙*˘\ÿ]ªU¿\ÍX•\ÙL\Á@@'),(262,'Minnesota State Convention','10b2fd3b-0d98-4b38-9d1f-d4f7701913e7','2025-09-27',NULL,'Sep, 4th Sun &. Sat before','09:30:00','15:00:00',1,NULL,NULL,NULL,_binary '\0\0\0\0\0\0\0q\„\ÛsKW¿êM\Ú#~yF@'),(263,'West Florida Convention','10b2fd3b-0d98-4b38-9d1f-d4f7701913e7','2025-09-27',NULL,'Sep, Sat before 4th Sun',NULL,NULL,9,NULL,NULL,NULL,_binary '\0\0\0\0\0\0\00†\Ó\\oU¿lï`q8\Ô>@'),(264,'Nuremberg All Day Singing','10b2fd3b-0d98-4b38-9d1f-d4f7701913e7','2025-09-27',NULL,'Sep, Sat before Last Sun','10:30:00','15:30:00',1,NULL,NULL,NULL,_binary '\0\0\0\0\0\0\0:yë	¯-&@\€\ﬁnI∏H@'),(265,'Mountain Heritage Day Singing','10b2fd3b-0d98-4b38-9d1f-d4f7701913e7','2025-09-27',NULL,'Sep, Last Saturday',NULL,NULL,1,6,NULL,NULL,_binary '\0\0\0\0\0\0\0˛∞V\Ì\ÀT¿Xç%¨çßA@'),(266,'Newton Singing','10b2fd3b-0d98-4b38-9d1f-d4f7701913e7','2025-09-27',NULL,'Sep, Sat before 4th Sun','13:00:00','17:00:00',1,17,NULL,NULL,_binary '\0\0\0\0\0\0\0q\»\“\≈\ Q¿Z\Û\„/-*E@'),(267,'Poplar Springs Primitive Baptist Church Singing','10b2fd3b-0d98-4b38-9d1f-d4f7701913e7','2025-09-28',NULL,'Sep, 4th Sun','10:00:00','15:00:00',1,NULL,NULL,NULL,_binary '\0\0\0\0\0\0\0r\Z¢\nQU¿IK\Â\Ì\Õ@@'),(268,'Winston County Convention','10b2fd3b-0d98-4b38-9d1f-d4f7701913e7','2025-09-28',NULL,'Sep, 4th Sun',NULL,NULL,1,NULL,NULL,NULL,_binary '\0\0\0\0\0\0\0\ˆ\ÏπLM\€U¿˝/◊¢A@'),(269,'Shady Grove Cooper Book Singing','10b2fd3b-0d98-4b38-9d1f-d4f7701913e7','2025-04-10',NULL,'Oct, Sat before 1st Sun','09:30:00','15:00:00',9,NULL,NULL,NULL,_binary '\0\0\0\0\0\0\0}w+Kt|U¿}¢LA@'),(270,'South Georgia Sacred Harp Singing Convention','10b2fd3b-0d98-4b38-9d1f-d4f7701913e7','2025-04-10',NULL,'Oct, Sat before 1st Sun','10:00:00','15:00:00',1,NULL,NULL,NULL,_binary '\0\0\0\0\0\0\0+~©ü\0U¿KYÜ8\÷[@@'),(271,'Baltimore-Washington Shenandoah Harmony All-Day Singing','10b2fd3b-0d98-4b38-9d1f-d4f7701913e7','2025-04-10',NULL,'Oct, 1st Sun &. Sat before','10:00:00','16:00:00',18,NULL,NULL,NULL,_binary '\0\0\0\0\0\0\0W@°û!S¿æ\˜7ÄC@'),(272,'New Mexico Sacred Harp Convention','10b2fd3b-0d98-4b38-9d1f-d4f7701913e7','2025-04-10',NULL,'Oct, 1st Sun &. Sat before','09:30:00','15:00:00',1,NULL,NULL,NULL,_binary '\0\0\0\0\0\0\0\Ë†K8\Ù{Z¿\ÃA\–—™\ÿA@'),(273,'New England Sacred Harp Convention','10b2fd3b-0d98-4b38-9d1f-d4f7701913e7','2025-04-10',NULL,'Oct, 1st Sun &. Sat before','09:30:00','15:30:00',1,NULL,NULL,NULL,_binary '\0\0\0\0\0\0\0Do\Ò\ûMR¿~R\Ì\”\Ò<F@'),(274,'Munich Sacred Harp All-Day Singing','10b2fd3b-0d98-4b38-9d1f-d4f7701913e7','2025-04-10',NULL,'Oct, Sat before 1st Sun','10:30:00','16:00:00',1,NULL,NULL,NULL,_binary '\0\0\0\0\0\0\0T;\√‘ñ\"\'@Ct	H@'),(275,'Sadsbury Cooper Book Singing','10b2fd3b-0d98-4b38-9d1f-d4f7701913e7','2025-04-10',NULL,'Oct, 1st Sat','10:00:00','15:00:00',9,NULL,NULL,NULL,_binary '\0\0\0\0\0\0\0\ \√B≠iˇR¿\„¸M(D¸C@'),(276,'Hamburg Singing','10b2fd3b-0d98-4b38-9d1f-d4f7701913e7','2025-04-10',NULL,'Oct, Sat before 1st Sun','10:30:00','16:00:00',1,NULL,NULL,NULL,_binary '\0\0\0\0\0\0\0¥up∞7$@qØ\Ã[u\≈J@'),(277,'Santa Cruz Singing','10b2fd3b-0d98-4b38-9d1f-d4f7701913e7','2025-05-10',NULL,'Oct, 1st Sun','10:00:00','15:00:00',1,NULL,NULL,NULL,_binary '\0\0\0\0\0\0\0†∆Ω˘\rî^¿¿u≈å\êB@'),(278,'Alexander, Hullett, Lowe, Brothers, Wootten Memorial','10b2fd3b-0d98-4b38-9d1f-d4f7701913e7','2025-05-10',NULL,'Oct, 1st Sun',NULL,NULL,1,NULL,NULL,NULL,_binary '\0\0\0\0\0\0\0jK\‰\ıóU¿’ë#ùÅ˚@@'),(279,'Winston-Salem Convention','10b2fd3b-0d98-4b38-9d1f-d4f7701913e7','2025-11-10',NULL,'Oct, 2nd Sun &. Sat before','10:00:00','15:30:00',1,18,NULL,NULL,_binary '\0\0\0\0\0\0\0\ŒGc˛T¿xπà\Ô\ƒB@'),(280,'Taylor United Methodist Church Singing','10b2fd3b-0d98-4b38-9d1f-d4f7701913e7','2025-11-10',NULL,'Oct, Sat before 2nd Sun','10:00:00','15:00:00',1,NULL,NULL,NULL,_binary '\0\0\0\0\0\0\0\”fúÜ®eV¿]¡6\‚\…\"A@'),(281,'Manchester Singing','10b2fd3b-0d98-4b38-9d1f-d4f7701913e7','2025-11-10',NULL,'Oct, 2nd Sun &. Sat before','10:30:00','16:00:00',1,6,NULL,NULL,_binary '\0\0\0\0\0\0\0≤û\“¿ø(A°∑J@'),(282,'Albright, Cates, Brown, and Sheppard Memorial','10b2fd3b-0d98-4b38-9d1f-d4f7701913e7','2025-12-10',NULL,'Oct, 2nd Sun','10:00:00','15:00:00',1,NULL,NULL,NULL,_binary '\0\0\0\0\0\0\0K´!qèIU¿\'3\ﬁVz\◊@@'),(283,'Shiloh October Singing','10b2fd3b-0d98-4b38-9d1f-d4f7701913e7','2025-10-18',NULL,'Oct, 3rd Sat','10:00:00','14:00:00',6,NULL,NULL,NULL,_binary '\0\0\0\0\0\0\0ùü\‚8\\ÿU¿]ä´ æÅ@@'),(284,'Tennessee State Sacred Harp Singing','10b2fd3b-0d98-4b38-9d1f-d4f7701913e7','2025-10-18',NULL,'Oct, Sat before 3rd Sun','09:30:00','15:00:00',1,NULL,NULL,NULL,_binary '\0\0\0\0\0\0\0VöîÇn¨U¿e\ZM.\∆B@'),(285,'France Singing','10b2fd3b-0d98-4b38-9d1f-d4f7701913e7','2025-10-18',NULL,'Oct, Sat before 3rd Sun','10:30:00','16:00:00',1,NULL,NULL,NULL,_binary '\0\0\0\0\0\0\0h◊ãÄ\¬@®\r\‰ï¡mH@'),(286,'Pacific Northwest Sacred Harp Convention','10b2fd3b-0d98-4b38-9d1f-d4f7701913e7','2025-10-18',NULL,'Oct, 3rd Sun &. Sat before','09:30:00','15:00:00',1,NULL,NULL,NULL,_binary '\0\0\0\0\0\0\0\Ò~\‹~˘ß^¿?ˇ=x\Ì\¬F@'),(287,'Tri-State Convention','10b2fd3b-0d98-4b38-9d1f-d4f7701913e7','2025-10-18',NULL,'Oct, Sat before 3rd Sun','09:00:00','14:00:00',9,NULL,NULL,NULL,_binary '\0\0\0\0\0\0\0\Ë¢!\„QÑU¿—±ÉJ\\?@'),(288,'Andrew‚Äôs Chapel Singing','10b2fd3b-0d98-4b38-9d1f-d4f7701913e7','2025-10-18',NULL,'Oct, Sat before 3rd Sun',NULL,NULL,1,NULL,NULL,NULL,_binary '\0\0\0\0\0\0\0|û?mTU¿\«\\ÿ\œbs@@'),(289,'New York State Convention','10b2fd3b-0d98-4b38-9d1f-d4f7701913e7','2025-10-18',NULL,'Oct, 3rd Sun &. Sat before','10:00:00','15:30:00',1,NULL,NULL,NULL,_binary '\0\0\0\0\0\0\0π¶@fg(S¿P9&ã˚7E@'),(290,'Reid Memorial Singing','10b2fd3b-0d98-4b38-9d1f-d4f7701913e7','2025-10-19',NULL,'Oct, 3rd Sun','09:30:00','15:00:00',1,NULL,NULL,NULL,_binary '\0\0\0\0\0\0\0	¶öYªU¿\\›zM\Á@@'),(291,'Nebraska All-Day Singing','10b2fd3b-0d98-4b38-9d1f-d4f7701913e7','2025-10-25',NULL,'Oct, Sat before 4th Sun','10:00:00','15:30:00',1,NULL,NULL,NULL,_binary '\0\0\0\0\0\0\0Æ\Ô\√AB˝W¿8\€‹òû®D@'),(292,'Putnam, Light, and King Memorial','10b2fd3b-0d98-4b38-9d1f-d4f7701913e7','2025-10-25',NULL,'Oct, Sat before 4th Sun','10:00:00','15:00:00',1,NULL,NULL,NULL,_binary '\0\0\0\0\0\0\0|ds\’<£U¿\nπRœÇ.A@'),(293,'Seed and Feed Sacred Harp Singing','10b2fd3b-0d98-4b38-9d1f-d4f7701913e7','2025-10-25',NULL,'Oct, Sat before 4th Sun','10:00:00','15:00:00',1,NULL,NULL,NULL,_binary '\0\0\0\0\0\0\0µ‹ô	ÜU¿Ü™òJ?\„@@'),(294,'David Rust Memorial Fall Singing','10b2fd3b-0d98-4b38-9d1f-d4f7701913e7','2025-10-25',NULL,'Oct, Sat before 4th Sun','10:00:00','15:00:00',1,18,NULL,NULL,_binary '\0\0\0\0\0\0\0ïö=\–\n¢U¿≠€†\ˆ[ïC@'),(295,'Northwest Arkansas Fall Singing','10b2fd3b-0d98-4b38-9d1f-d4f7701913e7','2025-10-25',NULL,'Oct, Sat before 4th Sun','09:30:00','15:00:00',1,9,NULL,NULL,_binary '\0\0\0\0\0\0\0Cq«õ¸ãW¿voEbÇ\ˆA@'),(296,'Spring Hill Convention','10b2fd3b-0d98-4b38-9d1f-d4f7701913e7','2025-10-25',NULL,'Oct, Sat before 4th Sun',NULL,NULL,9,NULL,NULL,NULL,_binary '\0\0\0\0\0\0\0~q©J[oU¿lï`q8\Ô>@'),(297,'London Singing','10b2fd3b-0d98-4b38-9d1f-d4f7701913e7','2025-01-11',NULL,'Nov, 1st Sun &. Sat before',NULL,NULL,1,6,NULL,NULL,_binary '\0\0\0\0\0\0\0†∆Ω˘\r√øo†¿;˘\»I@'),(298,'Fayette County Convention','10b2fd3b-0d98-4b38-9d1f-d4f7701913e7','2025-10-26',NULL,'Oct, 4th Sun','09:30:00','15:00:00',1,NULL,NULL,NULL,_binary '\0\0\0\0\0\0\0$∂ª\Ë¯U¿1#º=\„@@'),(299,'Maryville College Singing','10b2fd3b-0d98-4b38-9d1f-d4f7701913e7','2025-10-26',NULL,'Oct, 4th Sun',NULL,NULL,16,NULL,NULL,NULL,_binary '\0\0\0\0\0\0\0\œHÑF∞˝T¿\…\Â?\‡A@'),(300,'Denney Memorial','10b2fd3b-0d98-4b38-9d1f-d4f7701913e7','2025-01-11',NULL,'Nov, Sat before 1st Sun','10:00:00','15:00:00',1,NULL,NULL,NULL,_binary '\0\0\0\0\0\0\0npñíEU¿\Í\ÁME*\¬@@'),(301,'Velton Chafin Memorial Singing','10b2fd3b-0d98-4b38-9d1f-d4f7701913e7','2025-01-11',NULL,'Nov, Sat before 1st Sun','10:00:00','15:00:00',1,9,NULL,NULL,_binary '\0\0\0\0\0\0\0ôÇ5Œ¶¿U¿Ç\0:v\ﬁ@@'),(302,'Dallas Singing','10b2fd3b-0d98-4b38-9d1f-d4f7701913e7','2025-01-11',NULL,'Nov, Sat before 1st Sun','09:30:00',NULL,1,NULL,NULL,NULL,_binary '\0\0\0\0\0\0\0\‘\Í\"Ö5X¿@¿Zµkn@@'),(303,'Hyde Park Singing','10b2fd3b-0d98-4b38-9d1f-d4f7701913e7','2025-01-11',NULL,'Nov, Sat before 1st Sun','09:30:00','14:30:00',1,15,NULL,NULL,_binary '\0\0\0\0\0\0\0V∏\Â#)\ÊU¿™ED1y\ÂD@'),(304,'James River Convention','10b2fd3b-0d98-4b38-9d1f-d4f7701913e7','2025-01-11',NULL,'Nov, Sat before 1st Sun','10:00:00','16:00:00',1,18,NULL,NULL,_binary '\0\0\0\0\0\0\0%!ë∂`S¿%\Èö\…7\…B@'),(305,'Holly Springs Primitive Baptist Church Singing','10b2fd3b-0d98-4b38-9d1f-d4f7701913e7','2025-02-11',NULL,'Nov, 1st Sun','09:30:00','15:00:00',1,NULL,NULL,NULL,_binary '\0\0\0\0\0\0\0ö|≥ÕçIU¿\'3\ﬁVz\◊@@'),(306,'Southeastern Alabama Convention','10b2fd3b-0d98-4b38-9d1f-d4f7701913e7','2025-02-11',NULL,'Nov, 1st Sun',NULL,NULL,9,NULL,NULL,NULL,_binary '\0\0\0\0\0\0\0®ì\≈˝gU¿≠mä\«Eu?@'),(307,'Berkshire Foothills Singing','10b2fd3b-0d98-4b38-9d1f-d4f7701913e7','2025-08-11',NULL,'Nov, Sat before 2nd Sun','10:00:00','15:30:00',1,NULL,NULL,NULL,_binary '\0\0\0\0\0\0\0HQg\Ó!PR¿\r∆àD°9E@'),(308,'Swannanoa Valley Singing','10b2fd3b-0d98-4b38-9d1f-d4f7701913e7','2025-08-11',NULL,'Nov, Sat before 2nd Sun','10:00:00','15:00:00',5,6,NULL,NULL,_binary '\0\0\0\0\0\0\0\ÊÁÜ¶\ÏîT¿\'§5ù\ŒA@'),(309,'Helwig-Coghlan Memorial Singing','10b2fd3b-0d98-4b38-9d1f-d4f7701913e7','2025-08-11',NULL,'Nov, Sat before 2nd Sun','11:00:00','16:00:00',1,NULL,NULL,NULL,_binary '\0\0\0\0\0\0\0fàc]‹í^¿\\:\Ê<c\ÔB@'),(310,'Immanuel Baptist Church Singing','10b2fd3b-0d98-4b38-9d1f-d4f7701913e7','2025-08-11',NULL,'Nov, Sat before 2nd Sun','09:30:00','15:00:00',1,NULL,NULL,NULL,_binary '\0\0\0\0\0\0\0ø(A°∂U¿ˇy\Z0HB@'),(311,'All-Wisconsin Shapenote Singing','10b2fd3b-0d98-4b38-9d1f-d4f7701913e7','2025-08-11',NULL,'Nov, Sat before 2nd Sun','10:00:00','15:30:00',1,NULL,NULL,NULL,_binary '\0\0\0\0\0\0\0JD¯A˘U¿wŸØ;›âE@'),(312,'Stapleford Sacred Harp Singing','10b2fd3b-0d98-4b38-9d1f-d4f7701913e7','2025-08-11',NULL,'Nov, Sat before 2nd Sun',NULL,NULL,1,9,NULL,NULL,_binary '\0\0\0\0\0\0\0H2´w∏]\Ùø+l∏ wJ@'),(313,'Kyneton All-Day Singing','10b2fd3b-0d98-4b38-9d1f-d4f7701913e7','2025-11-29',NULL,'Nov, Sat before 5th Sun','09:30:00','16:00:00',1,NULL,NULL,NULL,_binary '\0\0\0\0\0\0\0CV∏eb@T˛µºrüB¿'),(314,'State of Alabama Convention (Annual Session)','10b2fd3b-0d98-4b38-9d1f-d4f7701913e7','2025-11-15',NULL,'Nov, Sat before 3rd Sun',NULL,NULL,9,NULL,NULL,NULL,_binary '\0\0\0\0\0\0\0\'æ\⁄QÑU¿0∫º9\\?@'),(315,'West Yorkshire Singing','10b2fd3b-0d98-4b38-9d1f-d4f7701913e7','2025-11-15',NULL,'Nov, Sat before 3rd Sun','10:30:00','16:00:00',1,NULL,NULL,NULL,_binary '\0\0\0\0\0\0\0sº—ì≤\˜ø\Û¸\ƒ\‡J@'),(316,'Georgian Harmony Singing','10b2fd3b-0d98-4b38-9d1f-d4f7701913e7','2025-11-15',NULL,'Nov, Sat before 3rd Sun','10:00:00','15:00:00',12,NULL,NULL,NULL,_binary '\0\0\0\0\0\0\0\‹’´\»\Ë\ÕT¿µ\ƒ\ h\‰\Û@@'),(317,'Singing on the River','10b2fd3b-0d98-4b38-9d1f-d4f7701913e7','2025-11-15',NULL,'Nov, Sat before 3rd Sun','10:00:00','15:00:00',5,NULL,NULL,NULL,_binary '\0\0\0\0\0\0\0Ä~ﬂøy•T¿ìç[\Ï\ÍA@'),(318,'Wakefield Memorial','10b2fd3b-0d98-4b38-9d1f-d4f7701913e7','2025-11-16',NULL,'Nov, 3rd Sun',NULL,NULL,1,NULL,NULL,NULL,_binary '\0\0\0\0\0\0\0\‚\‰~á¢\‰U¿)H4\rA@'),(319,'Thanksgiving Singing','10b2fd3b-0d98-4b38-9d1f-d4f7701913e7','2025-11-22',NULL,'Nov, Sat before 4th Sun',NULL,NULL,1,NULL,NULL,NULL,_binary '\0\0\0\0\0\0\0∑}è˙\Î„øî\ˆ_ò\ŒI@'),(320,'Alabama State Sacred Harp Musical Convention','10b2fd3b-0d98-4b38-9d1f-d4f7701913e7','2025-11-22',NULL,'Nov, 4th Sun &. Sat before','09:30:00','15:00:00',1,NULL,NULL,NULL,_binary '\0\0\0\0\0\0\0\Ú?˘ªwÅU¿∑%r¡\ˆ@@'),(321,'Larry Olszewski Memorial','10b2fd3b-0d98-4b38-9d1f-d4f7701913e7','2025-11-26',NULL,'Nov, Wed before Thanksgiving',NULL,NULL,16,NULL,NULL,NULL,_binary '\0\0\0\0\0\0\0ôeOõ˚T¿\ÛèæI\”˙A@'),(322,'Bethlehem PBC 5th Sunday Singing','10b2fd3b-0d98-4b38-9d1f-d4f7701913e7','2025-11-30',NULL,'Nov, Every 5th Sunday',NULL,NULL,9,NULL,NULL,NULL,_binary '\0\0\0\0\0\0\0¯l\ÏÉT¿wŸØ;›π;@'),(323,'John and Loraine Bayer Memorial Singing','10b2fd3b-0d98-4b38-9d1f-d4f7701913e7','2025-11-30',NULL,'Nov, First 5th Sun after Labor Day','10:00:00','15:00:00',1,10,NULL,NULL,_binary '\0\0\0\0\0\0\0OíÆô|U¿,†PO\ﬂC@'),(324,'Bibb County Christmas Singing','10b2fd3b-0d98-4b38-9d1f-d4f7701913e7','2025-02-12',NULL,'Dec, 1st Tues','18:00:00','21:00:00',6,NULL,NULL,NULL,_binary '\0\0\0\0\0\0\0ê\ˆ?¿Z\ U¿40\Ú≤&x@@'),(325,'Florida State Sacred Harp Convention','10b2fd3b-0d98-4b38-9d1f-d4f7701913e7','2025-06-12',NULL,'Dec, 1st Sun &. Sat before',NULL,NULL,9,NULL,NULL,NULL,_binary '\0\0\0\0\0\0\0\ÃB;ßYoU¿lï`q8\Ô>@'),(326,'Philadelphia All-Day Singing','10b2fd3b-0d98-4b38-9d1f-d4f7701913e7','2025-06-12',NULL,'Dec, 1st Sat',NULL,NULL,18,21,NULL,NULL,_binary '\0\0\0\0\0\0\0≠Q\—\Ë\ÃR¿¯8”Ñ\Ì˘C@'),(327,'Joe Beasley Memorial','10b2fd3b-0d98-4b38-9d1f-d4f7701913e7','2025-07-12',NULL,'Dec, 1st Sun &. Sat before','10:00:00','15:00:00',1,NULL,NULL,NULL,_binary '\0\0\0\0\0\0\0˙ö\Â≤\—\ÚU¿=)ì\Z\⁄¯@@'),(328,'Shook-Smathers House Christmas Singing','10b2fd3b-0d98-4b38-9d1f-d4f7701913e7','2025-12-13',NULL,'Dec, Sat before 2nd Sun','13:00:00','16:00:00',5,NULL,NULL,NULL,_binary '\0\0\0\0\0\0\0¨\∆\÷∆∫T¿cA\ƒA@'),(329,'Lynd Schoolhouse Singing','10b2fd3b-0d98-4b38-9d1f-d4f7701913e7','2025-12-13',NULL,'Dec, Sat before 3rd Sun','10:00:00','15:00:00',1,NULL,NULL,NULL,_binary '\0\0\0\0\0\0\0ç|^\ÒîU¿î¬º«ôHC@'),(330,'Georgia State Christian Harmony Convention','10b2fd3b-0d98-4b38-9d1f-d4f7701913e7','2025-12-13',NULL,'Dec, 2nd Sun &. Sat before','10:00:00','15:00:00',6,NULL,NULL,NULL,_binary '\0\0\0\0\0\0\00J\–_\Ë\ÕT¿i\‚\‡\Û@@'),(331,'Kentucky Christmas Shapenote Sing','10b2fd3b-0d98-4b38-9d1f-d4f7701913e7','2025-12-14',NULL,'Dec, 2nd Sun',NULL,NULL,1,20,NULL,NULL,_binary '\0\0\0\0\0\0\0)\Èahu.U¿}óRóå\ÎB@'),(332,'Christmas Singing','10b2fd3b-0d98-4b38-9d1f-d4f7701913e7','2025-12-20',NULL,'Dec, Sat before 3rd Sun',NULL,NULL,9,NULL,NULL,NULL,_binary '\0\0\0\0\0\0\0f¯O7PÑU¿0∫º9\\?@'),(333,'Calvary Christmas Night Singing','10b2fd3b-0d98-4b38-9d1f-d4f7701913e7','2025-12-25',NULL,'Dec, Christmas Day','17:30:00','20:30:00',5,NULL,NULL,NULL,_binary '\0\0\0\0\0\0\0µ4∑B†T¿\„Rï∂∏∏A@'),(334,'Boxing Day Singing','10b2fd3b-0d98-4b38-9d1f-d4f7701913e7','2025-12-26',NULL,'Dec, Boxing Day','15:00:00','18:00:00',6,NULL,NULL,NULL,_binary '\0\0\0\0\0\0\0\—]gE\‘ƒø¢~∂f\≈I@'),(335,'Barrettnulls Singing','10b2fd3b-0d98-4b38-9d1f-d4f7701913e7','2025-12-27',NULL,'Dec 27th','17:30:00','22:00:00',1,NULL,NULL,NULL,_binary '\0\0\0\0\0\0\0Ø\Œ1 {pU¿ííÜVSA@'),(336,'Olympia Christmas Harp All-Day Singing','10b2fd3b-0d98-4b38-9d1f-d4f7701913e7','2025-12-27',NULL,'Dec, Last Saturday','09:30:00','15:00:00',1,NULL,NULL,NULL,_binary '\0\0\0\0\0\0\0œÅ\Âø^¿æ•ú/\ˆàG@'),(344,'another sing','10b2fd3b-0d98-4b38-9d1f-d4f7701913e7','2025-09-08',NULL,NULL,'09:30:30','11:30:00',8,12,'test@test.com','Previous minutes at fasola.org',_binary '\0\0\0\0\0\0\0\0\0\0\0\0\0W@\0\0\0\0\0\0C@'),(355,'Huntsville Sacred Harp Singing','72e9a58c-49d3-4198-841d-57be5553ee8e','2025-05-02',NULL,NULL,'09:30:00','14:30:00',14,15,'test@test.com','Previous minutes at fasola.org',_binary '\0\0\0\0\0\0\0\0\0\0\0\0\0W@\0\0\0\0\0\0C@'),(356,'sdfgfgsdfg','72e9a58c-49d3-4198-841d-57be5553ee8e','2025-09-08',NULL,NULL,'09:30:00','11:30:00',17,14,'test@test.com','Previous minutes at fasola.org',_binary '\0\0\0\0\0\0\0\0\0\0\0\0\0W@\0\0\0\0\0\0C@');
/*!40000 ALTER TABLE `sings` ENABLE KEYS */;
UNLOCK TABLES;

--
-- Table structure for table `users`
--

DROP TABLE IF EXISTS `users`;
/*!40101 SET @saved_cs_client     = @@character_set_client */;
/*!50503 SET character_set_client = utf8mb4 */;
CREATE TABLE `users` (
  `uuid` char(36) NOT NULL,
  `username` varchar(255) DEFAULT NULL,
  `password` varchar(255) DEFAULT NULL,
  PRIMARY KEY (`uuid`)
) ENGINE=InnoDB DEFAULT CHARSET=utf8mb4 COLLATE=utf8mb4_0900_ai_ci;
/*!40101 SET character_set_client = @saved_cs_client */;

--
-- Dumping data for table `users`
--

LOCK TABLES `users` WRITE;
/*!40000 ALTER TABLE `users` DISABLE KEYS */;
INSERT INTO `users` VALUES ('10b2fd3b-0d98-4b38-9d1f-d4f7701913e7','admin','$2a$10$tBTfzHzjmQVKza3VSa5lsOX6/iL93xPVLlLXYg2FhT6a.jb1o6VDq'),('167c6481-b162-45e9-900b-50c3b85969c1','joe','$2a$10$UuVWhKZB.p1sxwsICAKRKOUvMp41L1zrjJnyIeE0/6ZQk1554279S'),('169422f5-034a-469a-8669-7432e6690daa','joedod','$2a$10$7WEP5fypRkoF/2y1iKkhf.767pZDKNlrHc5GBDxqv42A9ZYNBfxhq'),('72e9a58c-49d3-4198-841d-57be5553ee8e','user','$2a$10$tBTfzHzjmQVKza3VSa5lsOX6/iL93xPVLlLXYg2FhT6a.jb1o6VDq'),('991535c2-c4d7-4d91-b2dd-c73a9c09f436','janedoe','$2a$10$Lp1DQeWA.sMPGjihEFXCHeo8fIandv0urYq7p7fzKf..KOEr3oEYy');
/*!40000 ALTER TABLE `users` ENABLE KEYS */;
UNLOCK TABLES;

--
-- Table structure for table `users_events`
--

DROP TABLE IF EXISTS `users_events`;
/*!40101 SET @saved_cs_client     = @@character_set_client */;
/*!50503 SET character_set_client = utf8mb4 */;
CREATE TABLE `users_events` (
  `id` int NOT NULL AUTO_INCREMENT,
  `user_id` varchar(36) NOT NULL,
  `event_id` int NOT NULL,
  `public` int NOT NULL,
  `event_date` date DEFAULT NULL,
  PRIMARY KEY (`id`),
  KEY `user_id` (`user_id`),
  KEY `event_id` (`event_id`),
  CONSTRAINT `users_events_ibfk_1` FOREIGN KEY (`user_id`) REFERENCES `users` (`uuid`),
  CONSTRAINT `users_events_ibfk_2` FOREIGN KEY (`event_id`) REFERENCES `sings` (`id`)
) ENGINE=InnoDB AUTO_INCREMENT=50 DEFAULT CHARSET=utf8mb4 COLLATE=utf8mb4_0900_ai_ci;
/*!40101 SET character_set_client = @saved_cs_client */;

--
-- Dumping data for table `users_events`
--

LOCK TABLES `users_events` WRITE;
/*!40000 ALTER TABLE `users_events` DISABLE KEYS */;
INSERT INTO `users_events` VALUES (5,'10b2fd3b-0d98-4b38-9d1f-d4f7701913e7',22,0,'2025-01-01'),(6,'10b2fd3b-0d98-4b38-9d1f-d4f7701913e7',23,0,'2025-01-01'),(7,'10b2fd3b-0d98-4b38-9d1f-d4f7701913e7',24,1,'2025-01-01'),(8,'10b2fd3b-0d98-4b38-9d1f-d4f7701913e7',25,1,'2025-01-01'),(9,'10b2fd3b-0d98-4b38-9d1f-d4f7701913e7',291,0,'2025-10-25'),(10,'10b2fd3b-0d98-4b38-9d1f-d4f7701913e7',291,0,'2025-10-25'),(11,'10b2fd3b-0d98-4b38-9d1f-d4f7701913e7',291,0,'2025-10-25'),(12,'10b2fd3b-0d98-4b38-9d1f-d4f7701913e7',291,0,'2025-10-25'),(13,'10b2fd3b-0d98-4b38-9d1f-d4f7701913e7',141,1,'2025-05-26'),(14,'10b2fd3b-0d98-4b38-9d1f-d4f7701913e7',257,1,'2025-09-20'),(15,'10b2fd3b-0d98-4b38-9d1f-d4f7701913e7',197,1,'2025-07-19'),(16,'10b2fd3b-0d98-4b38-9d1f-d4f7701913e7',294,0,'2025-10-25'),(17,'10b2fd3b-0d98-4b38-9d1f-d4f7701913e7',191,0,'2025-12-07'),(18,'10b2fd3b-0d98-4b38-9d1f-d4f7701913e7',165,1,'2025-06-15'),(20,'10b2fd3b-0d98-4b38-9d1f-d4f7701913e7',326,1,'2025-06-12'),(21,'10b2fd3b-0d98-4b38-9d1f-d4f7701913e7',255,1,'2025-09-20'),(23,'72e9a58c-49d3-4198-841d-57be5553ee8e',309,0,'2025-08-11'),(24,'72e9a58c-49d3-4198-841d-57be5553ee8e',104,1,'2026-04-25'),(25,'72e9a58c-49d3-4198-841d-57be5553ee8e',44,1,'2026-02-28'),(26,'72e9a58c-49d3-4198-841d-57be5553ee8e',235,0,'2025-08-30'),(27,'72e9a58c-49d3-4198-841d-57be5553ee8e',197,1,'2025-07-19'),(28,'72e9a58c-49d3-4198-841d-57be5553ee8e',255,0,'2025-09-20'),(29,'72e9a58c-49d3-4198-841d-57be5553ee8e',141,1,'2025-05-26'),(30,'169422f5-034a-469a-8669-7432e6690daa',26,1,'2026-01-31'),(31,'169422f5-034a-469a-8669-7432e6690daa',45,0,'2026-02-28'),(32,'169422f5-034a-469a-8669-7432e6690daa',66,0,'2026-03-22'),(33,'169422f5-034a-469a-8669-7432e6690daa',92,1,'2026-04-18'),(34,'169422f5-034a-469a-8669-7432e6690daa',116,1,'2026-03-05'),(35,'169422f5-034a-469a-8669-7432e6690daa',137,1,'2025-05-24'),(36,'169422f5-034a-469a-8669-7432e6690daa',161,0,'2025-06-14'),(37,'169422f5-034a-469a-8669-7432e6690daa',186,0,'2025-12-07'),(38,'169422f5-034a-469a-8669-7432e6690daa',199,1,'2025-07-19'),(39,'991535c2-c4d7-4d91-b2dd-c73a9c09f436',20,1,'2025-01-01'),(40,'991535c2-c4d7-4d91-b2dd-c73a9c09f436',21,1,'2025-01-01'),(41,'991535c2-c4d7-4d91-b2dd-c73a9c09f436',22,1,'2025-01-01'),(42,'991535c2-c4d7-4d91-b2dd-c73a9c09f436',23,1,'2025-01-01'),(43,'991535c2-c4d7-4d91-b2dd-c73a9c09f436',89,1,'2026-12-04'),(44,'991535c2-c4d7-4d91-b2dd-c73a9c09f436',73,1,'2026-11-04'),(45,'991535c2-c4d7-4d91-b2dd-c73a9c09f436',121,0,'2026-09-05'),(46,'991535c2-c4d7-4d91-b2dd-c73a9c09f436',30,0,'2026-07-02'),(47,'991535c2-c4d7-4d91-b2dd-c73a9c09f436',103,1,'2026-04-25'),(48,'991535c2-c4d7-4d91-b2dd-c73a9c09f436',77,0,'2026-04-04'),(49,'991535c2-c4d7-4d91-b2dd-c73a9c09f436',65,1,'2026-03-21');
/*!40000 ALTER TABLE `users_events` ENABLE KEYS */;
UNLOCK TABLES;
/*!40103 SET TIME_ZONE=@OLD_TIME_ZONE */;

/*!40101 SET SQL_MODE=@OLD_SQL_MODE */;
/*!40014 SET FOREIGN_KEY_CHECKS=@OLD_FOREIGN_KEY_CHECKS */;
/*!40014 SET UNIQUE_CHECKS=@OLD_UNIQUE_CHECKS */;
/*!40101 SET CHARACTER_SET_CLIENT=@OLD_CHARACTER_SET_CLIENT */;
/*!40101 SET CHARACTER_SET_RESULTS=@OLD_CHARACTER_SET_RESULTS */;
/*!40101 SET COLLATION_CONNECTION=@OLD_COLLATION_CONNECTION */;
/*!40111 SET SQL_NOTES=@OLD_SQL_NOTES */;

-- Dump completed on 2025-05-29  2:39:22
